Country,Year,ISO3,N_Unicorns,Total_Val,Startups,Industries,N_Unicorns_Cumulative,Total_Val_Cumulative,Startups_Cumulative,Industries_Cumulative
Argentina,2015,ARG,0.0,0.0,{},[],0.0,0.0,{},[]
Argentina,2016,ARG,0.0,0.0,{},[],0.0,0.0,{},[]
Argentina,2017,ARG,0.0,0.0,{},[],0.0,0.0,{},[]
Argentina,2018,ARG,0.0,0.0,{},[],0.0,0.0,{},[]
Argentina,2019,ARG,0.0,0.0,{},[],0.0,0.0,{},[]
Argentina,2020,ARG,0.0,0.0,{},[],0.0,0.0,{},[]
Argentina,2021,ARG,1.0,2.45,{'Uala': 2.45},['Fintech'],1.0,2.45,{'Uala': 2.45},['Fintech']
Australia,2015,AUS,0.0,0.0,{},[],0.0,0.0,{},[]
Australia,2016,AUS,0.0,0.0,{},[],0.0,0.0,{},[]
Australia,2017,AUS,0.0,0.0,{},[],0.0,0.0,{},[]
Australia,2018,AUS,1.0,40.0,{'Canva': 40.0},['Internet Software & Services'],1.0,40.0,{'Canva': 40.0},['Internet Software & Services']
Australia,2019,AUS,1.0,5.5,{'Airwallex': 5.5},['Fintech'],2.0,45.5,"{'Canva': 40.0, 'Airwallex': 5.5}","['Internet Software & Services', 'Fintech']"
Australia,2020,AUS,0.0,0.0,{},[],2.0,45.5,"{'Canva': 40.0, 'Airwallex': 5.5}","['Internet Software & Services', 'Fintech']"
Australia,2021,AUS,4.0,5.1,"{'SafetyCulture': 1.6, 'Culture Amp': 1.5, 'GO1': 1.0, 'Pet Circle': 1.0}","['Internet Software & Services', 'Internet Software & Services', 'Internet Software & Services', 'E-commerce & Direct-To-Consumer']",6.0,50.6,"{'Canva': 40.0, 'Airwallex': 5.5, 'SafetyCulture': 1.6, 'Culture Amp': 1.5, 'GO1': 1.0, 'Pet Circle': 1.0}","['Internet Software & Services', 'Fintech', 'Internet Software & Services', 'Internet Software & Services', 'Internet Software & Services', 'E-commerce & Direct-To-Consumer']"
Austria,2015,AUT,0.0,0.0,{},[],0.0,0.0,{},[]
Austria,2016,AUT,0.0,0.0,{},[],0.0,0.0,{},[]
Austria,2017,AUT,0.0,0.0,{},[],0.0,0.0,{},[]
Austria,2018,AUT,0.0,0.0,{},[],0.0,0.0,{},[]
Austria,2019,AUT,0.0,0.0,{},[],0.0,0.0,{},[]
Austria,2020,AUT,0.0,0.0,{},[],0.0,0.0,{},[]
Austria,2021,AUT,2.0,5.8100000000000005,"{'BitPanda': 4.11, 'GoStudent': 1.7}","['Fintech', 'Edtech']",2.0,5.8100000000000005,"{'BitPanda': 4.11, 'GoStudent': 1.7}","['Fintech', 'Edtech']"
Belgium,2015,BEL,0.0,0.0,{},[],0.0,0.0,{},[]
Belgium,2016,BEL,0.0,0.0,{},[],0.0,0.0,{},[]
Belgium,2017,BEL,0.0,0.0,{},[],0.0,0.0,{},[]
Belgium,2018,BEL,0.0,0.0,{},[],0.0,0.0,{},[]
Belgium,2019,BEL,1.0,5.25,{'Collibra': 5.25},['Data management & Analytics'],1.0,5.25,{'Collibra': 5.25},['Data management & Analytics']
Belgium,2020,BEL,0.0,0.0,{},[],1.0,5.25,{'Collibra': 5.25},['Data management & Analytics']
Belgium,2021,BEL,1.0,2.3,{'Odoo': 2.3},['Internet Software & Services'],2.0,7.55,"{'Collibra': 5.25, 'Odoo': 2.3}","['Data management & Analytics', 'Internet Software & Services']"
Brazil,2015,BRA,0.0,0.0,{},[],0.0,0.0,{},[]
Brazil,2016,BRA,0.0,0.0,{},[],0.0,0.0,{},[]
Brazil,2017,BRA,0.0,0.0,{},[],0.0,0.0,{},[]
Brazil,2018,BRA,3.0,32.0,"{'Nubank': 30.0, 'Movile': 1.0, 'iFood': 1.0}","['Fintech', 'Mobile & Telecommunications', 'Supply chain, Logistics, & Delivery']",3.0,32.0,"{'Nubank': 30.0, 'Movile': 1.0, 'iFood': 1.0}","['Fintech', 'Mobile & Telecommunications', 'Supply chain, Logistics, & Delivery']"
Brazil,2019,BRA,4.0,11.1,"{'QuintoAndar': 5.1, 'Wildlife Studios': 3.0, 'Loggi': 2.0, 'EBANX': 1.0}","['E-commerce & Direct-To-Consumer', 'Other', 'Supply chain, Logistics, & Delivery', 'Fintech']",7.0,43.1,"{'Nubank': 30.0, 'Movile': 1.0, 'iFood': 1.0, 'QuintoAndar': 5.1, 'Wildlife Studios': 3.0, 'Loggi': 2.0, 'EBANX': 1.0}","['Fintech', 'Mobile & Telecommunications', 'Supply chain, Logistics, & Delivery', 'E-commerce & Direct-To-Consumer', 'Other', 'Supply chain, Logistics, & Delivery', 'Fintech']"
Brazil,2020,BRA,3.0,9.7,"{'C6 Bank': 5.05, 'Loft': 2.9, 'Creditas': 1.75}","['Fintech', 'E-commerce & Direct-To-Consumer', 'Fintech']",10.0,52.8,"{'Nubank': 30.0, 'Movile': 1.0, 'iFood': 1.0, 'QuintoAndar': 5.1, 'Wildlife Studios': 3.0, 'Loggi': 2.0, 'EBANX': 1.0, 'C6 Bank': 5.05, 'Loft': 2.9, 'Creditas': 1.75}","['Fintech', 'Mobile & Telecommunications', 'Supply chain, Logistics, & Delivery', 'E-commerce & Direct-To-Consumer', 'Other', 'Supply chain, Logistics, & Delivery', 'Fintech', 'Fintech', 'E-commerce & Direct-To-Consumer', 'Fintech']"
Brazil,2021,BRA,5.0,8.25,"{'Nuvemshop': 3.1, '1': 2.15, 'MadeiraMadeira': 1.0, 'Unico': 1.0, 'CargoX': 1.0}","['E-commerce & Direct-To-Consumer', 'Fintech', 'E-commerce & Direct-To-Consumer', 'Artificial Intelligence', 'Supply chain, Logistics, & Delivery']",15.0,61.05,"{'Nubank': 30.0, 'Movile': 1.0, 'iFood': 1.0, 'QuintoAndar': 5.1, 'Wildlife Studios': 3.0, 'Loggi': 2.0, 'EBANX': 1.0, 'C6 Bank': 5.05, 'Loft': 2.9, 'Creditas': 1.75, 'Nuvemshop': 3.1, '1': 2.15, 'MadeiraMadeira': 1.0, 'Unico': 1.0, 'CargoX': 1.0}","['Fintech', 'Mobile & Telecommunications', 'Supply chain, Logistics, & Delivery', 'E-commerce & Direct-To-Consumer', 'Other', 'Supply chain, Logistics, & Delivery', 'Fintech', 'Fintech', 'E-commerce & Direct-To-Consumer', 'Fintech', 'E-commerce & Direct-To-Consumer', 'Fintech', 'E-commerce & Direct-To-Consumer', 'Artificial Intelligence', 'Supply chain, Logistics, & Delivery']"
Canada,2015,CAN,0.0,0.0,{},[],0.0,0.0,{},[]
Canada,2016,CAN,0.0,0.0,{},[],0.0,0.0,{},[]
Canada,2017,CAN,0.0,0.0,{},[],0.0,0.0,{},[]
Canada,2018,CAN,0.0,0.0,{},[],0.0,0.0,{},[]
Canada,2019,CAN,0.0,0.0,{},[],0.0,0.0,{},[]
Canada,2020,CAN,1.0,3.0,{'ApplyBoard': 3.0},['Edtech'],1.0,3.0,{'ApplyBoard': 3.0},['Edtech']
Canada,2021,CAN,14.0,34.73,"{'Dapper Labs': 7.6, 'SSENSE': 4.15, 'PointClickCare': 4.0, 'Blockstream': 3.2, 'Hopper': 3.0, 'Clearco': 2.0, '1Password': 2.0, 'Trulioo': 1.75, 'Clio': 1.6, 'Nexii': 1.23, 'Ada Support': 1.2, 'TensTorrent': 1.0, 'Visier': 1.0, 'Freshbooks': 1.0}","['Fintech', 'E-commerce & Direct-To-Consumer', 'Internet Software & Services', 'Fintech', 'Travel', 'Fintech', 'Cybersecurity', 'Cybersecurity', 'Internet Software & Services', 'Other', 'Artificial Intelligence', 'Artificial Intelligence', 'Internet Software & Services', 'Fintech']",15.0,37.73,"{'ApplyBoard': 3.0, 'Dapper Labs': 7.6, 'SSENSE': 4.15, 'PointClickCare': 4.0, 'Blockstream': 3.2, 'Hopper': 3.0, 'Clearco': 2.0, '1Password': 2.0, 'Trulioo': 1.75, 'Clio': 1.6, 'Nexii': 1.23, 'Ada Support': 1.2, 'TensTorrent': 1.0, 'Visier': 1.0, 'Freshbooks': 1.0}","['Edtech', 'Fintech', 'E-commerce & Direct-To-Consumer', 'Internet Software & Services', 'Fintech', 'Travel', 'Fintech', 'Cybersecurity', 'Cybersecurity', 'Internet Software & Services', 'Other', 'Artificial Intelligence', 'Artificial Intelligence', 'Internet Software & Services', 'Fintech']"
Chile,2015,CHL,0.0,0.0,{},[],0.0,0.0,{},[]
Chile,2016,CHL,0.0,0.0,{},[],0.0,0.0,{},[]
Chile,2017,CHL,0.0,0.0,{},[],0.0,0.0,{},[]
Chile,2018,CHL,0.0,0.0,{},[],0.0,0.0,{},[]
Chile,2019,CHL,0.0,0.0,{},[],0.0,0.0,{},[]
Chile,2020,CHL,0.0,0.0,{},[],0.0,0.0,{},[]
Chile,2021,CHL,1.0,1.5,{'NotCo': 1.5},['Artificial Intelligence'],1.0,1.5,{'NotCo': 1.5},['Artificial Intelligence']
Colombia,2015,COL,1.0,1.15,{'LifeMiles': 1.15},['Other'],1.0,1.15,{'LifeMiles': 1.15},['Other']
Colombia,2016,COL,0.0,0.0,{},[],1.0,1.15,{'LifeMiles': 1.15},['Other']
Colombia,2017,COL,0.0,0.0,{},[],1.0,1.15,{'LifeMiles': 1.15},['Other']
Colombia,2018,COL,1.0,5.25,{'Rappi': 5.25},"['Supply chain, Logistics, & Delivery']",2.0,6.4,"{'LifeMiles': 1.15, 'Rappi': 5.25}","['Other', 'Supply chain, Logistics, & Delivery']"
Colombia,2019,COL,0.0,0.0,{},[],2.0,6.4,"{'LifeMiles': 1.15, 'Rappi': 5.25}","['Other', 'Supply chain, Logistics, & Delivery']"
Colombia,2020,COL,0.0,0.0,{},[],2.0,6.4,"{'LifeMiles': 1.15, 'Rappi': 5.25}","['Other', 'Supply chain, Logistics, & Delivery']"
Colombia,2021,COL,0.0,0.0,{},[],2.0,6.4,"{'LifeMiles': 1.15, 'Rappi': 5.25}","['Other', 'Supply chain, Logistics, & Delivery']"
Croatia,2015,HRV,0.0,0.0,{},[],0.0,0.0,{},[]
Croatia,2016,HRV,0.0,0.0,{},[],0.0,0.0,{},[]
Croatia,2017,HRV,0.0,0.0,{},[],0.0,0.0,{},[]
Croatia,2018,HRV,0.0,0.0,{},[],0.0,0.0,{},[]
Croatia,2019,HRV,0.0,0.0,{},[],0.0,0.0,{},[]
Croatia,2020,HRV,1.0,1.0,{'Infobip': 1.0},['Mobile & Telecommunications'],1.0,1.0,{'Infobip': 1.0},['Mobile & Telecommunications']
Croatia,2021,HRV,0.0,0.0,{},[],1.0,1.0,{'Infobip': 1.0},['Mobile & Telecommunications']
Denmark,2015,DNK,0.0,0.0,{},[],0.0,0.0,{},[]
Denmark,2016,DNK,0.0,0.0,{},[],0.0,0.0,{},[]
Denmark,2017,DNK,0.0,0.0,{},[],0.0,0.0,{},[]
Denmark,2018,DNK,0.0,0.0,{},[],0.0,0.0,{},[]
Denmark,2019,DNK,0.0,0.0,{},[],0.0,0.0,{},[]
Denmark,2020,DNK,0.0,0.0,{},[],0.0,0.0,{},[]
Denmark,2021,DNK,2.0,2.7,"{'Pleo': 1.7, 'Lunar': 1.0}","['Fintech', 'Fintech']",2.0,2.7,"{'Pleo': 1.7, 'Lunar': 1.0}","['Fintech', 'Fintech']"
Finland,2015,FIN,0.0,0.0,{},[],0.0,0.0,{},[]
Finland,2016,FIN,0.0,0.0,{},[],0.0,0.0,{},[]
Finland,2017,FIN,0.0,0.0,{},[],0.0,0.0,{},[]
Finland,2018,FIN,1.0,1.0,{'HMD Global': 1.0},['Mobile & Telecommunications'],1.0,1.0,{'HMD Global': 1.0},['Mobile & Telecommunications']
Finland,2019,FIN,0.0,0.0,{},[],1.0,1.0,{'HMD Global': 1.0},['Mobile & Telecommunications']
Finland,2020,FIN,0.0,0.0,{},[],1.0,1.0,{'HMD Global': 1.0},['Mobile & Telecommunications']
Finland,2021,FIN,1.0,2.0,{'Aiven': 2.0},['Internet Software & Services'],2.0,3.0,"{'HMD Global': 1.0, 'Aiven': 2.0}","['Mobile & Telecommunications', 'Internet Software & Services']"
France,2015,FRA,1.0,2.0,{'BlaBlaCar': 2.0},['Auto & Transportation'],1.0,2.0,{'BlaBlaCar': 2.0},['Auto & Transportation']
France,2016,FRA,1.0,1.1,{'OVH': 1.1},['Other'],2.0,3.1,"{'BlaBlaCar': 2.0, 'OVH': 1.1}","['Auto & Transportation', 'Other']"
France,2017,FRA,0.0,0.0,{},[],2.0,3.1,"{'BlaBlaCar': 2.0, 'OVH': 1.1}","['Auto & Transportation', 'Other']"
France,2018,FRA,1.0,1.4,{'Deezer': 1.4},['Internet Software & Services'],3.0,4.5,"{'BlaBlaCar': 2.0, 'OVH': 1.1, 'Deezer': 1.4}","['Auto & Transportation', 'Other', 'Internet Software & Services']"
France,2019,FRA,3.0,3.1399999999999997,"{'Doctolib': 1.14, 'Ynsect': 1.0, 'Meero': 1.0}","['Health', 'Other', 'Artificial Intelligence']",6.0,7.64,"{'BlaBlaCar': 2.0, 'OVH': 1.1, 'Deezer': 1.4, 'Doctolib': 1.14, 'Ynsect': 1.0, 'Meero': 1.0}","['Auto & Transportation', 'Other', 'Internet Software & Services', 'Health', 'Other', 'Artificial Intelligence']"
France,2020,FRA,2.0,5.8100000000000005,"{'Mirakl': 3.5, 'Voodoo': 2.31}","['E-commerce & Direct-To-Consumer', 'Other']",8.0,13.45,"{'BlaBlaCar': 2.0, 'OVH': 1.1, 'Deezer': 1.4, 'Doctolib': 1.14, 'Ynsect': 1.0, 'Meero': 1.0, 'Mirakl': 3.5, 'Voodoo': 2.31}","['Auto & Transportation', 'Other', 'Internet Software & Services', 'Health', 'Other', 'Artificial Intelligence', 'E-commerce & Direct-To-Consumer', 'Other']"
France,2021,FRA,10.0,20.78,"{'Sorare': 4.3, 'Back Market': 3.2, 'ContentSquare': 2.8, 'ManoMano': 2.6, 'Vestiaire Collective': 1.7, 'Alan': 1.68, 'Ledger': 1.5, 'Shift Technology': 1.0, 'Swile': 1.0, 'Dental Monitoring': 1.0}","['E-commerce & Direct-To-Consumer', 'E-commerce & Direct-To-Consumer', 'Internet Software & Services', 'E-commerce & Direct-To-Consumer', 'E-commerce & Direct-To-Consumer', 'Fintech', 'Hardware', 'Artificial Intelligence', 'Fintech', 'Health']",18.0,34.230000000000004,"{'BlaBlaCar': 2.0, 'OVH': 1.1, 'Deezer': 1.4, 'Doctolib': 1.14, 'Ynsect': 1.0, 'Meero': 1.0, 'Mirakl': 3.5, 'Voodoo': 2.31, 'Sorare': 4.3, 'Back Market': 3.2, 'ContentSquare': 2.8, 'ManoMano': 2.6, 'Vestiaire Collective': 1.7, 'Alan': 1.68, 'Ledger': 1.5, 'Shift Technology': 1.0, 'Swile': 1.0, 'Dental Monitoring': 1.0}","['Auto & Transportation', 'Other', 'Internet Software & Services', 'Health', 'Other', 'Artificial Intelligence', 'E-commerce & Direct-To-Consumer', 'Other', 'E-commerce & Direct-To-Consumer', 'E-commerce & Direct-To-Consumer', 'Internet Software & Services', 'E-commerce & Direct-To-Consumer', 'E-commerce & Direct-To-Consumer', 'Fintech', 'Hardware', 'Artificial Intelligence', 'Fintech', 'Health']"
Germany,2015,DEU,0.0,0.0,{},[],0.0,0.0,{},[]
Germany,2016,DEU,0.0,0.0,{},[],0.0,0.0,{},[]
Germany,2017,DEU,1.0,3.52,{'Otto Bock HealthCare': 3.52},['Health'],1.0,3.52,{'Otto Bock HealthCare': 3.52},['Health']
Germany,2018,DEU,3.0,14.2,"{'Celonis': 11.0, 'NuCom Group': 2.2, 'Omio': 1.0}","['Data management & Analytics', 'Other', 'Travel']",4.0,17.72,"{'Otto Bock HealthCare': 3.52, 'Celonis': 11.0, 'NuCom Group': 2.2, 'Omio': 1.0}","['Health', 'Data management & Analytics', 'Other', 'Travel']"
Germany,2019,DEU,4.0,14.98,"{'N26': 9.23, 'FlixMobility': 3.0, 'wefox': 1.65, 'GetYourGuide': 1.1}","['Fintech', 'Auto & Transportation', 'Fintech', 'Travel']",8.0,32.7,"{'Otto Bock HealthCare': 3.52, 'Celonis': 11.0, 'NuCom Group': 2.2, 'Omio': 1.0, 'N26': 9.23, 'FlixMobility': 3.0, 'wefox': 1.65, 'GetYourGuide': 1.1}","['Health', 'Data management & Analytics', 'Other', 'Travel', 'Fintech', 'Auto & Transportation', 'Fintech', 'Travel']"
Germany,2020,DEU,0.0,0.0,{},[],8.0,32.7,"{'Otto Bock HealthCare': 3.52, 'Celonis': 11.0, 'NuCom Group': 2.2, 'Omio': 1.0, 'N26': 9.23, 'FlixMobility': 3.0, 'wefox': 1.65, 'GetYourGuide': 1.1}","['Health', 'Data management & Analytics', 'Other', 'Travel', 'Fintech', 'Auto & Transportation', 'Fintech', 'Travel']"
Germany,2021,DEU,15.0,33.93,"{'Personio': 6.3, 'Trade Republic': 5.3, 'Gorillas': 3.1, 'Contentful': 3.0, 'Flink': 2.7, 'Mambu': 2.08, 'Tier Mobility': 2.0, 'solarisBank': 1.65, 'Scalable Capital': 1.4, 'Forto': 1.2, 'Sennder': 1.1, 'Enpal': 1.1, 'Berlin Brands Group': 1.0, 'Agile Robots': 1.0, 'Razor': 1.0}","['Internet Software & Services', 'Fintech', 'E-commerce & Direct-To-Consumer', 'Internet Software & Services', 'E-commerce & Direct-To-Consumer', 'Fintech', 'Travel', 'Fintech', 'Fintech', 'Supply chain, Logistics, & Delivery', 'Supply chain, Logistics, & Delivery', 'Internet Software & Services', 'E-commerce & Direct-To-Consumer', 'Hardware', 'Consumer & Retail']",23.0,66.63,"{'Otto Bock HealthCare': 3.52, 'Celonis': 11.0, 'NuCom Group': 2.2, 'Omio': 1.0, 'N26': 9.23, 'FlixMobility': 3.0, 'wefox': 1.65, 'GetYourGuide': 1.1, 'Personio': 6.3, 'Trade Republic': 5.3, 'Gorillas': 3.1, 'Contentful': 3.0, 'Flink': 2.7, 'Mambu': 2.08, 'Tier Mobility': 2.0, 'solarisBank': 1.65, 'Scalable Capital': 1.4, 'Forto': 1.2, 'Sennder': 1.1, 'Enpal': 1.1, 'Berlin Brands Group': 1.0, 'Agile Robots': 1.0, 'Razor': 1.0}","['Health', 'Data management & Analytics', 'Other', 'Travel', 'Fintech', 'Auto & Transportation', 'Fintech', 'Travel', 'Internet Software & Services', 'Fintech', 'E-commerce & Direct-To-Consumer', 'Internet Software & Services', 'E-commerce & Direct-To-Consumer', 'Fintech', 'Travel', 'Fintech', 'Fintech', 'Supply chain, Logistics, & Delivery', 'Supply chain, Logistics, & Delivery', 'Internet Software & Services', 'E-commerce & Direct-To-Consumer', 'Hardware', 'Consumer & Retail']"
India,2015,IND,0.0,0.0,{},[],0.0,0.0,{},[]
India,2016,IND,0.0,0.0,{},[],0.0,0.0,{},[]
India,2017,IND,1.0,21.0,"{""BYJU's"": 21.0}",['Edtech'],1.0,21.0,"{""BYJU's"": 21.0}",['Edtech']
India,2018,IND,3.0,18.2,"{'OYO Rooms': 9.6, 'Swiggy': 5.5, 'Udaan': 3.1}","['Travel', 'Supply chain, Logistics, & Delivery', 'Supply chain, Logistics, & Delivery']",4.0,39.2,"{""BYJU's"": 21.0, 'OYO Rooms': 9.6, 'Swiggy': 5.5, 'Udaan': 3.1}","['Edtech', 'Travel', 'Supply chain, Logistics, & Delivery', 'Supply chain, Logistics, & Delivery']"
India,2019,IND,6.0,19.97,"{'Dream11': 8.0, 'Delhivery': 3.0, 'Ola Electric Mobility': 3.0, 'Lenskart': 2.5, 'PolicyBazaar': 2.4, 'Rivigo': 1.07}","['Internet Software & Services', 'Supply chain, Logistics, & Delivery', 'Auto & Transportation', 'E-commerce & Direct-To-Consumer', 'Fintech', 'Supply chain, Logistics, & Delivery']",10.0,59.17,"{""BYJU's"": 21.0, 'OYO Rooms': 9.6, 'Swiggy': 5.5, 'Udaan': 3.1, 'Dream11': 8.0, 'Delhivery': 3.0, 'Ola Electric Mobility': 3.0, 'Lenskart': 2.5, 'PolicyBazaar': 2.4, 'Rivigo': 1.07}","['Edtech', 'Travel', 'Supply chain, Logistics, & Delivery', 'Supply chain, Logistics, & Delivery', 'Internet Software & Services', 'Supply chain, Logistics, & Delivery', 'Auto & Transportation', 'E-commerce & Direct-To-Consumer', 'Fintech', 'Supply chain, Logistics, & Delivery']"
India,2020,IND,7.0,20.88,"{'National Stock Exchange of India': 6.5, 'Unacademy': 3.44, 'Pine Labs': 3.0, 'Razorpay': 3.0, 'FirstCry': 2.1, 'Cars24': 1.84, 'DailyHunt': 1.0}","['Fintech', 'Edtech', 'Fintech', 'Fintech', 'E-commerce & Direct-To-Consumer', 'E-commerce & Direct-To-Consumer', 'Internet Software & Services']",17.0,80.05,"{""BYJU's"": 21.0, 'OYO Rooms': 9.6, 'Swiggy': 5.5, 'Udaan': 3.1, 'Dream11': 8.0, 'Delhivery': 3.0, 'Ola Electric Mobility': 3.0, 'Lenskart': 2.5, 'PolicyBazaar': 2.4, 'Rivigo': 1.07, 'National Stock Exchange of India': 6.5, 'Unacademy': 3.44, 'Pine Labs': 3.0, 'Razorpay': 3.0, 'FirstCry': 2.1, 'Cars24': 1.84, 'DailyHunt': 1.0}","['Edtech', 'Travel', 'Supply chain, Logistics, & Delivery', 'Supply chain, Logistics, & Delivery', 'Internet Software & Services', 'Supply chain, Logistics, & Delivery', 'Auto & Transportation', 'E-commerce & Direct-To-Consumer', 'Fintech', 'Supply chain, Logistics, & Delivery', 'Fintech', 'Edtech', 'Fintech', 'Fintech', 'E-commerce & Direct-To-Consumer', 'E-commerce & Direct-To-Consumer', 'Internet Software & Services']"
India,2021,IND,31.0,58.9,"{'Meesho': 4.9, 'CRED': 4.01, 'Digit Insurance': 3.5, 'Eruditus Executive Education': 3.2, 'ShareChat': 3.0, 'Groww': 3.0, 'OfBusiness': 3.0, 'BharatPe': 2.85, 'Infra.Market': 2.5, 'Mobile Premier League': 2.45, 'Urban Company': 2.1, 'CoinSwitch Kuber': 1.9, 'Spinny': 1.75, 'CureFit': 1.5, 'Rebel Foods': 1.4, 'Five Star Business Finance': 1.4, 'Zetwerk': 1.33, 'UpGrad': 1.2, 'CarDekho': 1.2, 'MyGlamm': 1.2, 'Pristyn Care': 1.2, 'CoinDCX': 1.1, 'apna': 1.1, 'Acko General Insurance': 1.1, 'Grofers': 1.01, 'BlackBuck': 1.0, 'Vedantu': 1.0, 'Licious': 1.0, 'Mensa Brands': 1.0, 'NoBroker': 1.0, 'Slice': 1.0}","['Internet Software & Services', 'Fintech', 'Fintech', 'Edtech', 'Internet Software & Services', 'Fintech', 'E-commerce & Direct-To-Consumer', 'Fintech', 'E-commerce & Direct-To-Consumer', 'Internet Software & Services', 'E-commerce & Direct-To-Consumer', 'Fintech', 'E-commerce & Direct-To-Consumer', 'Health', 'E-commerce & Direct-To-Consumer', 'Other', 'Internet Software & Services', 'Edtech', 'E-commerce & Direct-To-Consumer', 'E-commerce & Direct-To-Consumer', 'Health', 'Fintech', 'Internet Software & Services', 'Fintech', 'Supply chain, Logistics, & Delivery', 'Supply chain, Logistics, & Delivery', 'Edtech', 'E-commerce & Direct-To-Consumer', 'Other', 'Internet Software & Services', 'Fintech']",48.0,138.95,"{""BYJU's"": 21.0, 'OYO Rooms': 9.6, 'Swiggy': 5.5, 'Udaan': 3.1, 'Dream11': 8.0, 'Delhivery': 3.0, 'Ola Electric Mobility': 3.0, 'Lenskart': 2.5, 'PolicyBazaar': 2.4, 'Rivigo': 1.07, 'National Stock Exchange of India': 6.5, 'Unacademy': 3.44, 'Pine Labs': 3.0, 'Razorpay': 3.0, 'FirstCry': 2.1, 'Cars24': 1.84, 'DailyHunt': 1.0, 'Meesho': 4.9, 'CRED': 4.01, 'Digit Insurance': 3.5, 'Eruditus Executive Education': 3.2, 'ShareChat': 3.0, 'Groww': 3.0, 'OfBusiness': 3.0, 'BharatPe': 2.85, 'Infra.Market': 2.5, 'Mobile Premier League': 2.45, 'Urban Company': 2.1, 'CoinSwitch Kuber': 1.9, 'Spinny': 1.75, 'CureFit': 1.5, 'Rebel Foods': 1.4, 'Five Star Business Finance': 1.4, 'Zetwerk': 1.33, 'UpGrad': 1.2, 'CarDekho': 1.2, 'MyGlamm': 1.2, 'Pristyn Care': 1.2, 'CoinDCX': 1.1, 'apna': 1.1, 'Acko General Insurance': 1.1, 'Grofers': 1.01, 'BlackBuck': 1.0, 'Vedantu': 1.0, 'Licious': 1.0, 'Mensa Brands': 1.0, 'NoBroker': 1.0, 'Slice': 1.0}","['Edtech', 'Travel', 'Supply chain, Logistics, & Delivery', 'Supply chain, Logistics, & Delivery', 'Internet Software & Services', 'Supply chain, Logistics, & Delivery', 'Auto & Transportation', 'E-commerce & Direct-To-Consumer', 'Fintech', 'Supply chain, Logistics, & Delivery', 'Fintech', 'Edtech', 'Fintech', 'Fintech', 'E-commerce & Direct-To-Consumer', 'E-commerce & Direct-To-Consumer', 'Internet Software & Services', 'Internet Software & Services', 'Fintech', 'Fintech', 'Edtech', 'Internet Software & Services', 'Fintech', 'E-commerce & Direct-To-Consumer', 'Fintech', 'E-commerce & Direct-To-Consumer', 'Internet Software & Services', 'E-commerce & Direct-To-Consumer', 'Fintech', 'E-commerce & Direct-To-Consumer', 'Health', 'E-commerce & Direct-To-Consumer', 'Other', 'Internet Software & Services', 'Edtech', 'E-commerce & Direct-To-Consumer', 'E-commerce & Direct-To-Consumer', 'Health', 'Fintech', 'Internet Software & Services', 'Fintech', 'Supply chain, Logistics, & Delivery', 'Supply chain, Logistics, & Delivery', 'Edtech', 'E-commerce & Direct-To-Consumer', 'Other', 'Internet Software & Services', 'Fintech']"
Indonesia,2015,IDN,0.0,0.0,{},[],0.0,0.0,{},[]
Indonesia,2016,IDN,0.0,0.0,{},[],0.0,0.0,{},[]
Indonesia,2017,IDN,1.0,3.0,{'Traveloka': 3.0},['Travel'],1.0,3.0,{'Traveloka': 3.0},['Travel']
Indonesia,2018,IDN,0.0,0.0,{},[],1.0,3.0,{'Traveloka': 3.0},['Travel']
Indonesia,2019,IDN,1.0,2.9,{'Ovo': 2.9},['Fintech'],2.0,5.9,"{'Traveloka': 3.0, 'Ovo': 2.9}","['Travel', 'Fintech']"
Indonesia,2020,IDN,0.0,0.0,{},[],2.0,5.9,"{'Traveloka': 3.0, 'Ovo': 2.9}","['Travel', 'Fintech']"
Indonesia,2021,IDN,2.0,21.0,"{'J&T Express': 20.0, 'Xendit': 1.0}","['Supply chain, Logistics, & Delivery', 'Fintech']",4.0,26.9,"{'Traveloka': 3.0, 'Ovo': 2.9, 'J&T Express': 20.0, 'Xendit': 1.0}","['Travel', 'Fintech', 'Supply chain, Logistics, & Delivery', 'Fintech']"
Ireland,2015,IRL,0.0,0.0,{},[],0.0,0.0,{},[]
Ireland,2016,IRL,0.0,0.0,{},[],0.0,0.0,{},[]
Ireland,2017,IRL,0.0,0.0,{},[],0.0,0.0,{},[]
Ireland,2018,IRL,0.0,0.0,{},[],0.0,0.0,{},[]
Ireland,2019,IRL,0.0,0.0,{},[],0.0,0.0,{},[]
Ireland,2020,IRL,1.0,1.2,{'Workhuman': 1.2},['Internet Software & Services'],1.0,1.2,{'Workhuman': 1.2},['Internet Software & Services']
Ireland,2021,IRL,2.0,5.0,"{'BrowserStack': 4.0, 'LetsGetChecked': 1.0}","['Internet Software & Services', 'Health']",3.0,6.2,"{'Workhuman': 1.2, 'BrowserStack': 4.0, 'LetsGetChecked': 1.0}","['Internet Software & Services', 'Internet Software & Services', 'Health']"
Israel,2015,ISR,0.0,0.0,{},[],0.0,0.0,{},[]
Israel,2016,ISR,1.0,1.5,{'Gett': 1.5},['Auto & Transportation'],1.0,1.5,{'Gett': 1.5},['Auto & Transportation']
Israel,2017,ISR,0.0,0.0,{},[],1.0,1.5,{'Gett': 1.5},['Auto & Transportation']
Israel,2018,ISR,1.0,1.03,{'OrCam Technologies': 1.03},['Artificial Intelligence'],2.0,2.5300000000000002,"{'Gett': 1.5, 'OrCam Technologies': 1.03}","['Auto & Transportation', 'Artificial Intelligence']"
Israel,2019,ISR,1.0,1.8,{'Lightricks': 1.8},['Artificial Intelligence'],3.0,4.33,"{'Gett': 1.5, 'OrCam Technologies': 1.03, 'Lightricks': 1.8}","['Auto & Transportation', 'Artificial Intelligence', 'Artificial Intelligence']"
Israel,2020,ISR,4.0,10.8,"{'Moon Active': 5.0, 'Cato Networks': 2.5, 'Pagaya': 2.0, 'InSightec': 1.3}","['Mobile & Telecommunications', 'Cybersecurity', 'Fintech', 'Health']",7.0,15.13,"{'Gett': 1.5, 'OrCam Technologies': 1.03, 'Lightricks': 1.8, 'Moon Active': 5.0, 'Cato Networks': 2.5, 'Pagaya': 2.0, 'InSightec': 1.3}","['Auto & Transportation', 'Artificial Intelligence', 'Artificial Intelligence', 'Mobile & Telecommunications', 'Cybersecurity', 'Fintech', 'Health']"
Israel,2021,ISR,14.0,28.69,"{'Wiz': 6.0, 'Melio': 4.0, 'Transmit Security': 2.74, 'Earnix': 2.0, 'VerbIT': 2.0, 'StarkWare': 2.0, 'Orca Security': 1.8, 'Hibob': 1.65, 'Next Silicon': 1.5, 'Hailo': 1.0, 'DriveNets': 1.0, 'Aqua Security': 1.0, 'Bringg': 1.0, 'JoyTunes': 1.0}","['Cybersecurity', 'Fintech', 'Cybersecurity', 'Fintech', 'Artificial Intelligence', 'Cybersecurity', 'Cybersecurity', 'Internet Software & Services', 'Hardware', 'Artificial Intelligence', 'Internet Software & Services', 'Cybersecurity', 'Supply chain, Logistics, & Delivery', 'Edtech']",21.0,43.82,"{'Gett': 1.5, 'OrCam Technologies': 1.03, 'Lightricks': 1.8, 'Moon Active': 5.0, 'Cato Networks': 2.5, 'Pagaya': 2.0, 'InSightec': 1.3, 'Wiz': 6.0, 'Melio': 4.0, 'Transmit Security': 2.74, 'Earnix': 2.0, 'VerbIT': 2.0, 'StarkWare': 2.0, 'Orca Security': 1.8, 'Hibob': 1.65, 'Next Silicon': 1.5, 'Hailo': 1.0, 'DriveNets': 1.0, 'Aqua Security': 1.0, 'Bringg': 1.0, 'JoyTunes': 1.0}","['Auto & Transportation', 'Artificial Intelligence', 'Artificial Intelligence', 'Mobile & Telecommunications', 'Cybersecurity', 'Fintech', 'Health', 'Cybersecurity', 'Fintech', 'Cybersecurity', 'Fintech', 'Artificial Intelligence', 'Cybersecurity', 'Cybersecurity', 'Internet Software & Services', 'Hardware', 'Artificial Intelligence', 'Internet Software & Services', 'Cybersecurity', 'Supply chain, Logistics, & Delivery', 'Edtech']"
Japan,2015,JPN,0.0,0.0,{},[],0.0,0.0,{},[]
Japan,2016,JPN,0.0,0.0,{},[],0.0,0.0,{},[]
Japan,2017,JPN,0.0,0.0,{},[],0.0,0.0,{},[]
Japan,2018,JPN,1.0,2.0,{'Preferred Networks': 2.0},['Artificial Intelligence'],1.0,2.0,{'Preferred Networks': 2.0},['Artificial Intelligence']
Japan,2019,JPN,2.0,3.0,"{'SmartNews': 2.0, 'Liquid': 1.0}","['Mobile & Telecommunications', 'Fintech']",3.0,5.0,"{'Preferred Networks': 2.0, 'SmartNews': 2.0, 'Liquid': 1.0}","['Artificial Intelligence', 'Mobile & Telecommunications', 'Fintech']"
Japan,2020,JPN,1.0,1.0,{'Playco': 1.0},['Other'],4.0,6.0,"{'Preferred Networks': 2.0, 'SmartNews': 2.0, 'Liquid': 1.0, 'Playco': 1.0}","['Artificial Intelligence', 'Mobile & Telecommunications', 'Fintech', 'Other']"
Japan,2021,JPN,2.0,2.8200000000000003,"{'SmartHR': 1.6, 'Spiber': 1.22}","['Fintech', 'Other']",6.0,8.82,"{'Preferred Networks': 2.0, 'SmartNews': 2.0, 'Liquid': 1.0, 'Playco': 1.0, 'SmartHR': 1.6, 'Spiber': 1.22}","['Artificial Intelligence', 'Mobile & Telecommunications', 'Fintech', 'Other', 'Fintech', 'Other']"
Lithuania,2015,LTU,0.0,0.0,{},[],0.0,0.0,{},[]
Lithuania,2016,LTU,0.0,0.0,{},[],0.0,0.0,{},[]
Lithuania,2017,LTU,0.0,0.0,{},[],0.0,0.0,{},[]
Lithuania,2018,LTU,0.0,0.0,{},[],0.0,0.0,{},[]
Lithuania,2019,LTU,1.0,4.53,{'Vinted': 4.53},['E-commerce & Direct-To-Consumer'],1.0,4.53,{'Vinted': 4.53},['E-commerce & Direct-To-Consumer']
Lithuania,2020,LTU,0.0,0.0,{},[],1.0,4.53,{'Vinted': 4.53},['E-commerce & Direct-To-Consumer']
Lithuania,2021,LTU,0.0,0.0,{},[],1.0,4.53,{'Vinted': 4.53},['E-commerce & Direct-To-Consumer']
Malaysia,2015,MYS,0.0,0.0,{},[],0.0,0.0,{},[]
Malaysia,2016,MYS,0.0,0.0,{},[],0.0,0.0,{},[]
Malaysia,2017,MYS,0.0,0.0,{},[],0.0,0.0,{},[]
Malaysia,2018,MYS,0.0,0.0,{},[],0.0,0.0,{},[]
Malaysia,2019,MYS,0.0,0.0,{},[],0.0,0.0,{},[]
Malaysia,2020,MYS,0.0,0.0,{},[],0.0,0.0,{},[]
Malaysia,2021,MYS,1.0,1.3,{'Carsome': 1.3},['E-commerce & Direct-To-Consumer'],1.0,1.3,{'Carsome': 1.3},['E-commerce & Direct-To-Consumer']
Mexico,2015,MEX,0.0,0.0,{},[],0.0,0.0,{},[]
Mexico,2016,MEX,0.0,0.0,{},[],0.0,0.0,{},[]
Mexico,2017,MEX,0.0,0.0,{},[],0.0,0.0,{},[]
Mexico,2018,MEX,0.0,0.0,{},[],0.0,0.0,{},[]
Mexico,2019,MEX,0.0,0.0,{},[],0.0,0.0,{},[]
Mexico,2020,MEX,1.0,8.7,{'Kavak': 8.7},['E-commerce & Direct-To-Consumer'],1.0,8.7,{'Kavak': 8.7},['E-commerce & Direct-To-Consumer']
Mexico,2021,MEX,4.0,6.5,"{'Bitso': 2.2, 'Clip': 2.0, 'Konfio': 1.3, 'Clara': 1.0}","['Fintech', 'Fintech', 'Fintech', 'Fintech']",5.0,15.2,"{'Kavak': 8.7, 'Bitso': 2.2, 'Clip': 2.0, 'Konfio': 1.3, 'Clara': 1.0}","['E-commerce & Direct-To-Consumer', 'Fintech', 'Fintech', 'Fintech', 'Fintech']"
Netherlands,2015,NLD,0.0,0.0,{},[],0.0,0.0,{},[]
Netherlands,2016,NLD,0.0,0.0,{},[],0.0,0.0,{},[]
Netherlands,2017,NLD,0.0,0.0,{},[],0.0,0.0,{},[]
Netherlands,2018,NLD,1.0,1.0,{'BitFury': 1.0},['Hardware'],1.0,1.0,{'BitFury': 1.0},['Hardware']
Netherlands,2019,NLD,0.0,0.0,{},[],1.0,1.0,{'BitFury': 1.0},['Hardware']
Netherlands,2020,NLD,3.0,11.3,"{'Mollie': 6.5, 'MessageBird': 3.8, 'Hotmart': 1.0}","['Fintech', 'Mobile & Telecommunications', 'E-commerce & Direct-To-Consumer']",4.0,12.3,"{'BitFury': 1.0, 'Mollie': 6.5, 'MessageBird': 3.8, 'Hotmart': 1.0}","['Hardware', 'Fintech', 'Mobile & Telecommunications', 'E-commerce & Direct-To-Consumer']"
Netherlands,2021,NLD,1.0,2.0,{'Bunq': 2.0},['Fintech'],5.0,14.3,"{'BitFury': 1.0, 'Mollie': 6.5, 'MessageBird': 3.8, 'Hotmart': 1.0, 'Bunq': 2.0}","['Hardware', 'Fintech', 'Mobile & Telecommunications', 'E-commerce & Direct-To-Consumer', 'Fintech']"
Norway,2015,NOR,0.0,0.0,{},[],0.0,0.0,{},[]
Norway,2016,NOR,0.0,0.0,{},[],0.0,0.0,{},[]
Norway,2017,NOR,0.0,0.0,{},[],0.0,0.0,{},[]
Norway,2018,NOR,0.0,0.0,{},[],0.0,0.0,{},[]
Norway,2019,NOR,0.0,0.0,{},[],0.0,0.0,{},[]
Norway,2020,NOR,0.0,0.0,{},[],0.0,0.0,{},[]
Norway,2021,NOR,3.0,3.8,"{'Cognite': 1.6, 'Oda': 1.2, 'Gelato': 1.0}","['Data management & Analytics', 'E-commerce & Direct-To-Consumer', 'E-commerce & Direct-To-Consumer']",3.0,3.8,"{'Cognite': 1.6, 'Oda': 1.2, 'Gelato': 1.0}","['Data management & Analytics', 'E-commerce & Direct-To-Consumer', 'E-commerce & Direct-To-Consumer']"
Philippines,2015,PHL,0.0,0.0,{},[],0.0,0.0,{},[]
Philippines,2016,PHL,0.0,0.0,{},[],0.0,0.0,{},[]
Philippines,2017,PHL,1.0,1.0,{'Revolution Precrafted': 1.0},['Other'],1.0,1.0,{'Revolution Precrafted': 1.0},['Other']
Philippines,2018,PHL,0.0,0.0,{},[],1.0,1.0,{'Revolution Precrafted': 1.0},['Other']
Philippines,2019,PHL,0.0,0.0,{},[],1.0,1.0,{'Revolution Precrafted': 1.0},['Other']
Philippines,2020,PHL,0.0,0.0,{},[],1.0,1.0,{'Revolution Precrafted': 1.0},['Other']
Philippines,2021,PHL,1.0,2.0,{'Mynt': 2.0},['Fintech'],2.0,3.0,"{'Revolution Precrafted': 1.0, 'Mynt': 2.0}","['Other', 'Fintech']"
Singapore,2015,SGP,0.0,0.0,{},[],0.0,0.0,{},[]
Singapore,2016,SGP,0.0,0.0,{},[],0.0,0.0,{},[]
Singapore,2017,SGP,0.0,0.0,{},[],0.0,0.0,{},[]
Singapore,2018,SGP,0.0,0.0,{},[],0.0,0.0,{},[]
Singapore,2019,SGP,1.0,1.3,{'Trax': 1.3},['Artificial Intelligence'],1.0,1.3,{'Trax': 1.3},['Artificial Intelligence']
Singapore,2020,SGP,1.0,3.5,{'HyalRoute': 3.5},['Mobile & Telecommunications'],2.0,4.8,"{'Trax': 1.3, 'HyalRoute': 3.5}","['Artificial Intelligence', 'Mobile & Telecommunications']"
Singapore,2021,SGP,9.0,10.1,"{'Advance Intelligence Group': 2.0, 'Carousell': 1.1, 'PatSnap': 1.0, 'Moglix': 1.0, 'Matrixport': 1.0, 'Carro': 1.0, 'bolttech': 1.0, 'NIUM': 1.0, 'Ninja Van': 1.0}","['Artificial Intelligence', 'E-commerce & Direct-To-Consumer', 'Internet Software & Services', 'E-commerce & Direct-To-Consumer', 'Fintech', 'E-commerce & Direct-To-Consumer', 'Fintech', 'Fintech', 'Supply chain, Logistics, & Delivery']",11.0,14.899999999999999,"{'Trax': 1.3, 'HyalRoute': 3.5, 'Advance Intelligence Group': 2.0, 'Carousell': 1.1, 'PatSnap': 1.0, 'Moglix': 1.0, 'Matrixport': 1.0, 'Carro': 1.0, 'bolttech': 1.0, 'NIUM': 1.0, 'Ninja Van': 1.0}","['Artificial Intelligence', 'Mobile & Telecommunications', 'Artificial Intelligence', 'E-commerce & Direct-To-Consumer', 'Internet Software & Services', 'E-commerce & Direct-To-Consumer', 'Fintech', 'E-commerce & Direct-To-Consumer', 'Fintech', 'Fintech', 'Supply chain, Logistics, & Delivery']"
South Africa,2015,ZAF,0.0,0.0,{},[],0.0,0.0,{},[]
South Africa,2016,ZAF,1.0,1.59,{'Promasidor Holdings': 1.59},['Consumer & Retail'],1.0,1.59,{'Promasidor Holdings': 1.59},['Consumer & Retail']
South Africa,2017,ZAF,1.0,1.0,{'Cell C': 1.0},['Mobile & Telecommunications'],2.0,2.59,"{'Promasidor Holdings': 1.59, 'Cell C': 1.0}","['Consumer & Retail', 'Mobile & Telecommunications']"
South Africa,2018,ZAF,0.0,0.0,{},[],2.0,2.59,"{'Promasidor Holdings': 1.59, 'Cell C': 1.0}","['Consumer & Retail', 'Mobile & Telecommunications']"
South Africa,2019,ZAF,0.0,0.0,{},[],2.0,2.59,"{'Promasidor Holdings': 1.59, 'Cell C': 1.0}","['Consumer & Retail', 'Mobile & Telecommunications']"
South Africa,2020,ZAF,0.0,0.0,{},[],2.0,2.59,"{'Promasidor Holdings': 1.59, 'Cell C': 1.0}","['Consumer & Retail', 'Mobile & Telecommunications']"
South Africa,2021,ZAF,0.0,0.0,{},[],2.0,2.59,"{'Promasidor Holdings': 1.59, 'Cell C': 1.0}","['Consumer & Retail', 'Mobile & Telecommunications']"
Spain,2015,ESP,0.0,0.0,{},[],0.0,0.0,{},[]
Spain,2016,ESP,0.0,0.0,{},[],0.0,0.0,{},[]
Spain,2017,ESP,0.0,0.0,{},[],0.0,0.0,{},[]
Spain,2018,ESP,1.0,1.4,{'Cabify': 1.4},['Auto & Transportation'],1.0,1.4,{'Cabify': 1.4},['Auto & Transportation']
Spain,2019,ESP,1.0,1.0,{'Glovo': 1.0},"['Supply chain, Logistics, & Delivery']",2.0,2.4,"{'Cabify': 1.4, 'Glovo': 1.0}","['Auto & Transportation', 'Supply chain, Logistics, & Delivery']"
Spain,2020,ESP,0.0,0.0,{},[],2.0,2.4,"{'Cabify': 1.4, 'Glovo': 1.0}","['Auto & Transportation', 'Supply chain, Logistics, & Delivery']"
Spain,2021,ESP,2.0,3.55,"{'Jobandtalent': 2.35, 'Copado': 1.2}","['Internet Software & Services', 'Data management & Analytics']",4.0,5.949999999999999,"{'Cabify': 1.4, 'Glovo': 1.0, 'Jobandtalent': 2.35, 'Copado': 1.2}","['Auto & Transportation', 'Supply chain, Logistics, & Delivery', 'Internet Software & Services', 'Data management & Analytics']"
Sweden,2015,SWE,0.0,0.0,{},[],0.0,0.0,{},[]
Sweden,2016,SWE,0.0,0.0,{},[],0.0,0.0,{},[]
Sweden,2017,SWE,0.0,0.0,{},[],0.0,0.0,{},[]
Sweden,2018,SWE,0.0,0.0,{},[],0.0,0.0,{},[]
Sweden,2019,SWE,1.0,9.08,{'Northvolt': 9.08},['Other'],1.0,9.08,{'Northvolt': 9.08},['Other']
Sweden,2020,SWE,0.0,0.0,{},[],1.0,9.08,{'Northvolt': 9.08},['Other']
Sweden,2021,SWE,2.0,3.4,"{'KRY': 2.0, 'Epidemic Sound': 1.4}","['Health', 'Internet Software & Services']",3.0,12.48,"{'Northvolt': 9.08, 'KRY': 2.0, 'Epidemic Sound': 1.4}","['Other', 'Health', 'Internet Software & Services']"
Switzerland,2015,CHE,0.0,0.0,{},[],0.0,0.0,{},[]
Switzerland,2016,CHE,1.0,1.0,{'MindMaze': 1.0},['Health'],1.0,1.0,{'MindMaze': 1.0},['Health']
Switzerland,2017,CHE,0.0,0.0,{},[],1.0,1.0,{'MindMaze': 1.0},['Health']
Switzerland,2018,CHE,0.0,0.0,{},[],1.0,1.0,{'MindMaze': 1.0},['Health']
Switzerland,2019,CHE,2.0,3.5,"{'Acronis': 2.5, 'Numbrs': 1.0}","['Cybersecurity', 'Fintech']",3.0,4.5,"{'MindMaze': 1.0, 'Acronis': 2.5, 'Numbrs': 1.0}","['Health', 'Cybersecurity', 'Fintech']"
Switzerland,2020,CHE,0.0,0.0,{},[],3.0,4.5,"{'MindMaze': 1.0, 'Acronis': 2.5, 'Numbrs': 1.0}","['Health', 'Cybersecurity', 'Fintech']"
Switzerland,2021,CHE,1.0,1.1,{'Nexthink': 1.1},['Data management & Analytics'],4.0,5.6,"{'MindMaze': 1.0, 'Acronis': 2.5, 'Numbrs': 1.0, 'Nexthink': 1.1}","['Health', 'Cybersecurity', 'Fintech', 'Data management & Analytics']"
Thailand,2015,THA,0.0,0.0,{},[],0.0,0.0,{},[]
Thailand,2016,THA,0.0,0.0,{},[],0.0,0.0,{},[]
Thailand,2017,THA,0.0,0.0,{},[],0.0,0.0,{},[]
Thailand,2018,THA,0.0,0.0,{},[],0.0,0.0,{},[]
Thailand,2019,THA,0.0,0.0,{},[],0.0,0.0,{},[]
Thailand,2020,THA,0.0,0.0,{},[],0.0,0.0,{},[]
Thailand,2021,THA,2.0,2.5,"{'Ascend Money': 1.5, 'Flash Express': 1.0}","['Fintech', 'Supply chain, Logistics, & Delivery']",2.0,2.5,"{'Ascend Money': 1.5, 'Flash Express': 1.0}","['Fintech', 'Supply chain, Logistics, & Delivery']"
United Arab Emirates,2015,ARE,0.0,0.0,{},[],0.0,0.0,{},[]
United Arab Emirates,2016,ARE,0.0,0.0,{},[],0.0,0.0,{},[]
United Arab Emirates,2017,ARE,1.0,2.5,{'Vista Global': 2.5},['Other'],1.0,2.5,{'Vista Global': 2.5},['Other']
United Arab Emirates,2018,ARE,0.0,0.0,{},[],1.0,2.5,{'Vista Global': 2.5},['Other']
United Arab Emirates,2019,ARE,0.0,0.0,{},[],1.0,2.5,{'Vista Global': 2.5},['Other']
United Arab Emirates,2020,ARE,1.0,1.0,{'Emerging Markets Property Group': 1.0},['Other'],2.0,3.5,"{'Vista Global': 2.5, 'Emerging Markets Property Group': 1.0}","['Other', 'Other']"
United Arab Emirates,2021,ARE,1.0,1.0,{'Kitopi': 1.0},"['Supply chain, Logistics, & Delivery']",3.0,4.5,"{'Vista Global': 2.5, 'Emerging Markets Property Group': 1.0, 'Kitopi': 1.0}","['Other', 'Other', 'Supply chain, Logistics, & Delivery']"
United States,2015,USA,14.0,44.17,"{'Gusto': 10.0, 'Tanium': 9.0, 'Zenefits': 4.5, 'Thumbtack': 3.2, 'Illumio': 2.75, 'Carbon': 2.4, 'Uptake': 2.3, 'Planet Labs': 2.2, 'ZocDoc': 1.8, 'Infinidat': 1.6, 'Flipboard': 1.32, 'AppDirect': 1.1, 'Red Ventures': 1.0, 'Vox Media': 1.0}","['Fintech', 'Cybersecurity', 'Fintech', 'E-commerce & Direct-To-Consumer', 'Cybersecurity', 'Hardware', 'Artificial Intelligence', 'Other', 'Health', 'Hardware', 'Internet Software & Services', 'E-commerce & Direct-To-Consumer', 'Other', 'Internet Software & Services']",14.0,44.17,"{'Gusto': 10.0, 'Tanium': 9.0, 'Zenefits': 4.5, 'Thumbtack': 3.2, 'Illumio': 2.75, 'Carbon': 2.4, 'Uptake': 2.3, 'Planet Labs': 2.2, 'ZocDoc': 1.8, 'Infinidat': 1.6, 'Flipboard': 1.32, 'AppDirect': 1.1, 'Red Ventures': 1.0, 'Vox Media': 1.0}","['Fintech', 'Cybersecurity', 'Fintech', 'E-commerce & Direct-To-Consumer', 'Cybersecurity', 'Hardware', 'Artificial Intelligence', 'Other', 'Health', 'Hardware', 'Internet Software & Services', 'E-commerce & Direct-To-Consumer', 'Other', 'Internet Software & Services']"
United States,2016,USA,4.0,7.0,"{'Age of Learning': 3.0, 'Quanergy Systems': 2.0, 'SMS Assist': 1.0, 'Kendra Scott': 1.0}","['Edtech', 'Auto & Transportation', 'Internet Software & Services', 'Consumer & Retail']",18.0,51.17,"{'Gusto': 10.0, 'Tanium': 9.0, 'Zenefits': 4.5, 'Thumbtack': 3.2, 'Illumio': 2.75, 'Carbon': 2.4, 'Uptake': 2.3, 'Planet Labs': 2.2, 'ZocDoc': 1.8, 'Infinidat': 1.6, 'Flipboard': 1.32, 'AppDirect': 1.1, 'Red Ventures': 1.0, 'Vox Media': 1.0, 'Age of Learning': 3.0, 'Quanergy Systems': 2.0, 'SMS Assist': 1.0, 'Kendra Scott': 1.0}","['Fintech', 'Cybersecurity', 'Fintech', 'E-commerce & Direct-To-Consumer', 'Cybersecurity', 'Hardware', 'Artificial Intelligence', 'Other', 'Health', 'Hardware', 'Internet Software & Services', 'E-commerce & Direct-To-Consumer', 'Other', 'Internet Software & Services', 'Edtech', 'Auto & Transportation', 'Internet Software & Services', 'Consumer & Retail']"
United States,2017,USA,12.0,48.27,"{'JUUL Labs': 12.0, 'reddit': 10.0, 'Niantic': 9.0, 'Rubrik': 4.0, 'Indigo Ag': 3.5, 'Quora': 2.0, 'InVision': 1.9, 'Symphony': 1.4, 'HeartFlow': 1.3, 'Eat Just': 1.1, 'Rubicon Global': 1.07, 'Modernizing Medicine': 1.0}","['Consumer & Retail', 'Internet Software & Services', 'Mobile & Telecommunications', 'Data management & Analytics', 'Artificial Intelligence', 'Internet Software & Services', 'Internet Software & Services', 'Fintech', 'Health', 'Consumer & Retail', 'Other', 'Health']",30.0,99.44,"{'Gusto': 10.0, 'Tanium': 9.0, 'Zenefits': 4.5, 'Thumbtack': 3.2, 'Illumio': 2.75, 'Carbon': 2.4, 'Uptake': 2.3, 'Planet Labs': 2.2, 'ZocDoc': 1.8, 'Infinidat': 1.6, 'Flipboard': 1.32, 'AppDirect': 1.1, 'Red Ventures': 1.0, 'Vox Media': 1.0, 'Age of Learning': 3.0, 'Quanergy Systems': 2.0, 'SMS Assist': 1.0, 'Kendra Scott': 1.0, 'JUUL Labs': 12.0, 'reddit': 10.0, 'Niantic': 9.0, 'Rubrik': 4.0, 'Indigo Ag': 3.5, 'Quora': 2.0, 'InVision': 1.9, 'Symphony': 1.4, 'HeartFlow': 1.3, 'Eat Just': 1.1, 'Rubicon Global': 1.07, 'Modernizing Medicine': 1.0}","['Fintech', 'Cybersecurity', 'Fintech', 'E-commerce & Direct-To-Consumer', 'Cybersecurity', 'Hardware', 'Artificial Intelligence', 'Other', 'Health', 'Hardware', 'Internet Software & Services', 'E-commerce & Direct-To-Consumer', 'Other', 'Internet Software & Services', 'Edtech', 'Auto & Transportation', 'Internet Software & Services', 'Consumer & Retail', 'Consumer & Retail', 'Internet Software & Services', 'Mobile & Telecommunications', 'Data management & Analytics', 'Artificial Intelligence', 'Internet Software & Services', 'Internet Software & Services', 'Fintech', 'Health', 'Consumer & Retail', 'Other', 'Health']"
United States,2018,USA,42.0,222.82,"{'Epic Games': 28.7, 'Plaid Technologies': 13.4, 'Devoted Health': 12.6, 'Brex': 12.3, 'Biosplice Therapeutics': 12.0, 'Talkdesk': 10.0, 'OutSystems': 9.5, 'ServiceTitan': 9.5, 'Tempus': 8.1, 'Netskope': 7.5, 'TripActions': 7.25, 'Discord': 7.0, 'Automation Anywhere': 6.8, 'Samsara Networks': 6.3, 'Airtable': 5.77, 'Pony.ai': 5.3, 'HashiCorp': 5.1, 'ThoughtSpot': 4.2, 'Dataminr': 4.1, 'Cerebras Systems': 4.0, 'Cohesity': 3.7, 'Upgrade': 3.33, 'Flexport': 3.2, 'Circle': 3.0, 'Seismic': 3.0, 'Convoy': 2.75, 'Tradeshift': 2.7, 'Zume': 2.25, 'SoundHound': 2.1, 'Formlabs': 2.0, ""Harry's Razor Company"": 1.7, 'Allbirds': 1.7, 'PAX': 1.7, 'Cambridge Mobile Telematics': 1.5, 'Starry': 1.29, 'Intercom': 1.28, 'Fair': 1.2, 'MediaMath': 1.0, 'Pat McGrath Labs': 1.0, 'Branch': 1.0, 'Tresata': 1.0, 'REEF Technology': 1.0}","['Other', 'Fintech', 'Health', 'Fintech', 'Health', 'Internet Software & Services', 'Internet Software & Services', 'Internet Software & Services', 'Health', 'Cybersecurity', 'Travel', 'Internet Software & Services', 'Artificial Intelligence', 'Hardware', 'Internet Software & Services', 'Artificial Intelligence', 'Internet Software & Services', 'Internet Software & Services', 'Artificial Intelligence', 'Hardware', 'Data management & Analytics', 'Fintech', 'Supply chain, Logistics, & Delivery', 'Fintech', 'Internet Software & Services', 'Supply chain, Logistics, & Delivery', 'Fintech', 'Consumer & Retail', 'Artificial Intelligence', 'Hardware', 'Consumer & Retail', 'E-commerce & Direct-To-Consumer', 'Consumer & Retail', 'Mobile & Telecommunications', 'Mobile & Telecommunications', 'Internet Software & Services', 'Auto & Transportation', 'Internet Software & Services', 'Consumer & Retail', 'Mobile & Telecommunications', 'Fintech', 'Supply chain, Logistics, & Delivery']",72.0,322.26,"{'Gusto': 10.0, 'Tanium': 9.0, 'Zenefits': 4.5, 'Thumbtack': 3.2, 'Illumio': 2.75, 'Carbon': 2.4, 'Uptake': 2.3, 'Planet Labs': 2.2, 'ZocDoc': 1.8, 'Infinidat': 1.6, 'Flipboard': 1.32, 'AppDirect': 1.1, 'Red Ventures': 1.0, 'Vox Media': 1.0, 'Age of Learning': 3.0, 'Quanergy Systems': 2.0, 'SMS Assist': 1.0, 'Kendra Scott': 1.0, 'JUUL Labs': 12.0, 'reddit': 10.0, 'Niantic': 9.0, 'Rubrik': 4.0, 'Indigo Ag': 3.5, 'Quora': 2.0, 'InVision': 1.9, 'Symphony': 1.4, 'HeartFlow': 1.3, 'Eat Just': 1.1, 'Rubicon Global': 1.07, 'Modernizing Medicine': 1.0, 'Epic Games': 28.7, 'Plaid Technologies': 13.4, 'Devoted Health': 12.6, 'Brex': 12.3, 'Biosplice Therapeutics': 12.0, 'Talkdesk': 10.0, 'OutSystems': 9.5, 'ServiceTitan': 9.5, 'Tempus': 8.1, 'Netskope': 7.5, 'TripActions': 7.25, 'Discord': 7.0, 'Automation Anywhere': 6.8, 'Samsara Networks': 6.3, 'Airtable': 5.77, 'Pony.ai': 5.3, 'HashiCorp': 5.1, 'ThoughtSpot': 4.2, 'Dataminr': 4.1, 'Cerebras Systems': 4.0, 'Cohesity': 3.7, 'Upgrade': 3.33, 'Flexport': 3.2, 'Circle': 3.0, 'Seismic': 3.0, 'Convoy': 2.75, 'Tradeshift': 2.7, 'Zume': 2.25, 'SoundHound': 2.1, 'Formlabs': 2.0, ""Harry's Razor Company"": 1.7, 'Allbirds': 1.7, 'PAX': 1.7, 'Cambridge Mobile Telematics': 1.5, 'Starry': 1.29, 'Intercom': 1.28, 'Fair': 1.2, 'MediaMath': 1.0, 'Pat McGrath Labs': 1.0, 'Branch': 1.0, 'Tresata': 1.0, 'REEF Technology': 1.0}","['Fintech', 'Cybersecurity', 'Fintech', 'E-commerce & Direct-To-Consumer', 'Cybersecurity', 'Hardware', 'Artificial Intelligence', 'Other', 'Health', 'Hardware', 'Internet Software & Services', 'E-commerce & Direct-To-Consumer', 'Other', 'Internet Software & Services', 'Edtech', 'Auto & Transportation', 'Internet Software & Services', 'Consumer & Retail', 'Consumer & Retail', 'Internet Software & Services', 'Mobile & Telecommunications', 'Data management & Analytics', 'Artificial Intelligence', 'Internet Software & Services', 'Internet Software & Services', 'Fintech', 'Health', 'Consumer & Retail', 'Other', 'Health', 'Other', 'Fintech', 'Health', 'Fintech', 'Health', 'Internet Software & Services', 'Internet Software & Services', 'Internet Software & Services', 'Health', 'Cybersecurity', 'Travel', 'Internet Software & Services', 'Artificial Intelligence', 'Hardware', 'Internet Software & Services', 'Artificial Intelligence', 'Internet Software & Services', 'Internet Software & Services', 'Artificial Intelligence', 'Hardware', 'Data management & Analytics', 'Fintech', 'Supply chain, Logistics, & Delivery', 'Fintech', 'Internet Software & Services', 'Supply chain, Logistics, & Delivery', 'Fintech', 'Consumer & Retail', 'Artificial Intelligence', 'Hardware', 'Consumer & Retail', 'E-commerce & Direct-To-Consumer', 'Consumer & Retail', 'Mobile & Telecommunications', 'Mobile & Telecommunications', 'Internet Software & Services', 'Auto & Transportation', 'Internet Software & Services', 'Consumer & Retail', 'Mobile & Telecommunications', 'Fintech', 'Supply chain, Logistics, & Delivery']"
United States,2019,USA,48.0,231.0,"{'Databricks': 38.0, 'Chime': 25.0, 'Grammarly': 13.0, 'Faire': 12.4, 'Ripple': 10.0, 'Nuro': 8.6, 'Carta': 7.4, 'Scale AI': 7.3, 'Argo AI': 7.25, 'DataRobot': 6.3, 'OneTrust': 5.1, 'Anduril': 4.6, 'Dataiku': 4.6, 'Checkr': 4.6, 'Outreach': 4.4, 'Impossible Foods': 4.0, 'Radiology Partners': 4.0, 'Next Insurance': 4.0, 'StockX': 3.8, 'Guild Education': 3.75, 'Sila Nanotechnologies': 3.3, 'Scopely': 3.3, 'Kraken': 2.92, 'OpenAI': 2.92, 'Workrise': 2.9, 'Icertis': 2.8, 'Zipline': 2.8, 'Pendo': 2.6, 'Cybereason': 2.44, 'KeepTruckin': 2.3, 'Gympass': 2.2, 'Calm': 2.0, 'Kaseya': 2.0, 'Druva': 2.0, 'Collective Health': 1.5, 'Away': 1.4, 'Grove Collaborative': 1.32, 'Sonder': 1.3, 'You & Mr Jones': 1.3, 'ezCater': 1.25, 'Glossier': 1.2, 'Ivalua': 1.1, 'Instabase': 1.05, 'Globality': 1.0, 'VTS': 1.0, 'Ibotta': 1.0, 'C2FO': 1.0, 'Dave': 1.0}","['Data management & Analytics', 'Fintech', 'Internet Software & Services', 'Artificial Intelligence', 'Fintech', 'Auto & Transportation', 'Fintech', 'Artificial Intelligence', 'Artificial Intelligence', 'Artificial Intelligence', 'Internet Software & Services', 'Artificial Intelligence', 'Internet Software & Services', 'Internet Software & Services', 'Internet Software & Services', 'Consumer & Retail', 'Health', 'Fintech', 'E-commerce & Direct-To-Consumer', 'Internet Software & Services', 'Other', 'Mobile & Telecommunications', 'Fintech', 'Artificial Intelligence', 'Internet Software & Services', 'Artificial Intelligence', 'Supply chain, Logistics, & Delivery', 'Internet Software & Services', 'Cybersecurity', 'Supply chain, Logistics, & Delivery', 'Internet Software & Services', 'Consumer & Retail', 'Cybersecurity', 'Data management & Analytics', 'Fintech', 'E-commerce & Direct-To-Consumer', 'E-commerce & Direct-To-Consumer', 'Travel', 'Other', 'Supply chain, Logistics, & Delivery', 'Consumer & Retail', 'Fintech', 'Data management & Analytics', 'Artificial Intelligence', 'Internet Software & Services', 'Fintech', 'Fintech', 'Fintech']",120.0,553.26,"{'Gusto': 10.0, 'Tanium': 9.0, 'Zenefits': 4.5, 'Thumbtack': 3.2, 'Illumio': 2.75, 'Carbon': 2.4, 'Uptake': 2.3, 'Planet Labs': 2.2, 'ZocDoc': 1.8, 'Infinidat': 1.6, 'Flipboard': 1.32, 'AppDirect': 1.1, 'Red Ventures': 1.0, 'Vox Media': 1.0, 'Age of Learning': 3.0, 'Quanergy Systems': 2.0, 'SMS Assist': 1.0, 'Kendra Scott': 1.0, 'JUUL Labs': 12.0, 'reddit': 10.0, 'Niantic': 9.0, 'Rubrik': 4.0, 'Indigo Ag': 3.5, 'Quora': 2.0, 'InVision': 1.9, 'Symphony': 1.4, 'HeartFlow': 1.3, 'Eat Just': 1.1, 'Rubicon Global': 1.07, 'Modernizing Medicine': 1.0, 'Epic Games': 28.7, 'Plaid Technologies': 13.4, 'Devoted Health': 12.6, 'Brex': 12.3, 'Biosplice Therapeutics': 12.0, 'Talkdesk': 10.0, 'OutSystems': 9.5, 'ServiceTitan': 9.5, 'Tempus': 8.1, 'Netskope': 7.5, 'TripActions': 7.25, 'Discord': 7.0, 'Automation Anywhere': 6.8, 'Samsara Networks': 6.3, 'Airtable': 5.77, 'Pony.ai': 5.3, 'HashiCorp': 5.1, 'ThoughtSpot': 4.2, 'Dataminr': 4.1, 'Cerebras Systems': 4.0, 'Cohesity': 3.7, 'Upgrade': 3.33, 'Flexport': 3.2, 'Circle': 3.0, 'Seismic': 3.0, 'Convoy': 2.75, 'Tradeshift': 2.7, 'Zume': 2.25, 'SoundHound': 2.1, 'Formlabs': 2.0, ""Harry's Razor Company"": 1.7, 'Allbirds': 1.7, 'PAX': 1.7, 'Cambridge Mobile Telematics': 1.5, 'Starry': 1.29, 'Intercom': 1.28, 'Fair': 1.2, 'MediaMath': 1.0, 'Pat McGrath Labs': 1.0, 'Branch': 1.0, 'Tresata': 1.0, 'REEF Technology': 1.0, 'Databricks': 38.0, 'Chime': 25.0, 'Grammarly': 13.0, 'Faire': 12.4, 'Ripple': 10.0, 'Nuro': 8.6, 'Carta': 7.4, 'Scale AI': 7.3, 'Argo AI': 7.25, 'DataRobot': 6.3, 'OneTrust': 5.1, 'Anduril': 4.6, 'Dataiku': 4.6, 'Checkr': 4.6, 'Outreach': 4.4, 'Impossible Foods': 4.0, 'Radiology Partners': 4.0, 'Next Insurance': 4.0, 'StockX': 3.8, 'Guild Education': 3.75, 'Sila Nanotechnologies': 3.3, 'Scopely': 3.3, 'Kraken': 2.92, 'OpenAI': 2.92, 'Workrise': 2.9, 'Icertis': 2.8, 'Zipline': 2.8, 'Pendo': 2.6, 'Cybereason': 2.44, 'KeepTruckin': 2.3, 'Gympass': 2.2, 'Calm': 2.0, 'Kaseya': 2.0, 'Druva': 2.0, 'Collective Health': 1.5, 'Away': 1.4, 'Grove Collaborative': 1.32, 'Sonder': 1.3, 'You & Mr Jones': 1.3, 'ezCater': 1.25, 'Glossier': 1.2, 'Ivalua': 1.1, 'Instabase': 1.05, 'Globality': 1.0, 'VTS': 1.0, 'Ibotta': 1.0, 'C2FO': 1.0, 'Dave': 1.0}","['Fintech', 'Cybersecurity', 'Fintech', 'E-commerce & Direct-To-Consumer', 'Cybersecurity', 'Hardware', 'Artificial Intelligence', 'Other', 'Health', 'Hardware', 'Internet Software & Services', 'E-commerce & Direct-To-Consumer', 'Other', 'Internet Software & Services', 'Edtech', 'Auto & Transportation', 'Internet Software & Services', 'Consumer & Retail', 'Consumer & Retail', 'Internet Software & Services', 'Mobile & Telecommunications', 'Data management & Analytics', 'Artificial Intelligence', 'Internet Software & Services', 'Internet Software & Services', 'Fintech', 'Health', 'Consumer & Retail', 'Other', 'Health', 'Other', 'Fintech', 'Health', 'Fintech', 'Health', 'Internet Software & Services', 'Internet Software & Services', 'Internet Software & Services', 'Health', 'Cybersecurity', 'Travel', 'Internet Software & Services', 'Artificial Intelligence', 'Hardware', 'Internet Software & Services', 'Artificial Intelligence', 'Internet Software & Services', 'Internet Software & Services', 'Artificial Intelligence', 'Hardware', 'Data management & Analytics', 'Fintech', 'Supply chain, Logistics, & Delivery', 'Fintech', 'Internet Software & Services', 'Supply chain, Logistics, & Delivery', 'Fintech', 'Consumer & Retail', 'Artificial Intelligence', 'Hardware', 'Consumer & Retail', 'E-commerce & Direct-To-Consumer', 'Consumer & Retail', 'Mobile & Telecommunications', 'Mobile & Telecommunications', 'Internet Software & Services', 'Auto & Transportation', 'Internet Software & Services', 'Consumer & Retail', 'Mobile & Telecommunications', 'Fintech', 'Supply chain, Logistics, & Delivery', 'Data management & Analytics', 'Fintech', 'Internet Software & Services', 'Artificial Intelligence', 'Fintech', 'Auto & Transportation', 'Fintech', 'Artificial Intelligence', 'Artificial Intelligence', 'Artificial Intelligence', 'Internet Software & Services', 'Artificial Intelligence', 'Internet Software & Services', 'Internet Software & Services', 'Internet Software & Services', 'Consumer & Retail', 'Health', 'Fintech', 'E-commerce & Direct-To-Consumer', 'Internet Software & Services', 'Other', 'Mobile & Telecommunications', 'Fintech', 'Artificial Intelligence', 'Internet Software & Services', 'Artificial Intelligence', 'Supply chain, Logistics, & Delivery', 'Internet Software & Services', 'Cybersecurity', 'Supply chain, Logistics, & Delivery', 'Internet Software & Services', 'Consumer & Retail', 'Cybersecurity', 'Data management & Analytics', 'Fintech', 'E-commerce & Direct-To-Consumer', 'E-commerce & Direct-To-Consumer', 'Travel', 'Other', 'Supply chain, Logistics, & Delivery', 'Consumer & Retail', 'Fintech', 'Data management & Analytics', 'Artificial Intelligence', 'Internet Software & Services', 'Fintech', 'Fintech', 'Fintech']"
United States,2020,USA,64.0,224.53,"{'goPuff': 15.0, 'Figma': 10.0, 'Notion Labs': 10.0, 'Thrasio': 10.0, 'Klaviyo': 9.2, 'Tipalti': 8.3, 'Gong': 7.25, 'Rippling': 6.5, 'Better.com': 6.0, 'Attentive': 5.99, 'Cityblock Health': 5.7, 'Postman': 5.6, 'FiveTran': 5.6, 'Ro': 5.0, 'Lyra Health': 4.6, 'Arctic Wolf Networks': 4.3, 'Relativity Space': 4.2, 'Chainalysis': 4.2, 'Patreon': 4.0, 'Olive': 4.0, 'ClickUp': 4.0, 'Farmers Business Network': 4.0, 'VAST Data': 3.7, 'GOAT': 3.7, 'Whoop': 3.6, 'Applied Intuition': 3.6, 'Tekion': 3.5, 'Komodo Health': 3.3, 'Via': 3.3, 'HighRadius': 3.1, 'Forter': 3.0, 'Podium': 3.0, 'Trumid': 2.4, 'Skydance Media': 2.3, 'Greenlight': 2.3, 'Eightfold.ai': 2.1, 'AppsFlyer': 2.0, 'Redis Labs': 2.0, 'Unqork': 2.0, 'Virta Health': 2.0, 'ISN': 2.0, 'Apeel Sciences': 2.0, 'Verkada': 1.6, 'Strava': 1.5, 'Zenoti': 1.5, 'Justworks': 1.43, 'Kong': 1.4, 'Alzheon': 1.31, 'Everly Health': 1.3, 'BigID': 1.25, 'Qumulo': 1.2, 'Dialpad': 1.2, 'Venafi': 1.15, 'Sisense': 1.1, 'Course Hero': 1.1, 'Pharmapacks': 1.1, 'Proterra': 1.05, 'Alto Pharmacy': 1.0, 'o9 Solutions': 1.0, 'Quizlet': 1.0, 'Orca Bio': 1.0, 'Zwift': 1.0, 'Boom Supersonic': 1.0, 'Qualia': 1.0}","['E-commerce & Direct-To-Consumer', 'Internet Software & Services', 'Internet Software & Services', 'Other', 'Internet Software & Services', 'Fintech', 'Artificial Intelligence', 'Internet Software & Services', 'Fintech', 'Mobile & Telecommunications', 'Health', 'Internet Software & Services', 'Data management & Analytics', 'Health', 'Health', 'Cybersecurity', 'Other', 'Fintech', 'Internet Software & Services', 'Internet Software & Services', 'Internet Software & Services', 'Other', 'Data management & Analytics', 'E-commerce & Direct-To-Consumer', 'E-commerce & Direct-To-Consumer', 'Data management & Analytics', 'Internet Software & Services', 'Health', 'Auto & Transportation', 'Fintech', 'Cybersecurity', 'Internet Software & Services', 'Fintech', 'Other', 'Fintech', 'Internet Software & Services', 'Mobile & Telecommunications', 'Data management & Analytics', 'Fintech', 'Health', 'Supply chain, Logistics, & Delivery', 'Other', 'Cybersecurity', 'Internet Software & Services', 'Internet Software & Services', 'Internet Software & Services', 'Internet Software & Services', 'Health', 'E-commerce & Direct-To-Consumer', 'Cybersecurity', 'Data management & Analytics', 'Internet Software & Services', 'Cybersecurity', 'Data management & Analytics', 'Edtech', 'E-commerce & Direct-To-Consumer', 'Supply chain, Logistics, & Delivery', 'Health', 'Artificial Intelligence', 'Edtech', 'Health', 'E-commerce & Direct-To-Consumer', 'Other', 'Fintech']",184.0,777.79,"{'Gusto': 10.0, 'Tanium': 9.0, 'Zenefits': 4.5, 'Thumbtack': 3.2, 'Illumio': 2.75, 'Carbon': 2.4, 'Uptake': 2.3, 'Planet Labs': 2.2, 'ZocDoc': 1.8, 'Infinidat': 1.6, 'Flipboard': 1.32, 'AppDirect': 1.1, 'Red Ventures': 1.0, 'Vox Media': 1.0, 'Age of Learning': 3.0, 'Quanergy Systems': 2.0, 'SMS Assist': 1.0, 'Kendra Scott': 1.0, 'JUUL Labs': 12.0, 'reddit': 10.0, 'Niantic': 9.0, 'Rubrik': 4.0, 'Indigo Ag': 3.5, 'Quora': 2.0, 'InVision': 1.9, 'Symphony': 1.4, 'HeartFlow': 1.3, 'Eat Just': 1.1, 'Rubicon Global': 1.07, 'Modernizing Medicine': 1.0, 'Epic Games': 28.7, 'Plaid Technologies': 13.4, 'Devoted Health': 12.6, 'Brex': 12.3, 'Biosplice Therapeutics': 12.0, 'Talkdesk': 10.0, 'OutSystems': 9.5, 'ServiceTitan': 9.5, 'Tempus': 8.1, 'Netskope': 7.5, 'TripActions': 7.25, 'Discord': 7.0, 'Automation Anywhere': 6.8, 'Samsara Networks': 6.3, 'Airtable': 5.77, 'Pony.ai': 5.3, 'HashiCorp': 5.1, 'ThoughtSpot': 4.2, 'Dataminr': 4.1, 'Cerebras Systems': 4.0, 'Cohesity': 3.7, 'Upgrade': 3.33, 'Flexport': 3.2, 'Circle': 3.0, 'Seismic': 3.0, 'Convoy': 2.75, 'Tradeshift': 2.7, 'Zume': 2.25, 'SoundHound': 2.1, 'Formlabs': 2.0, ""Harry's Razor Company"": 1.7, 'Allbirds': 1.7, 'PAX': 1.7, 'Cambridge Mobile Telematics': 1.5, 'Starry': 1.29, 'Intercom': 1.28, 'Fair': 1.2, 'MediaMath': 1.0, 'Pat McGrath Labs': 1.0, 'Branch': 1.0, 'Tresata': 1.0, 'REEF Technology': 1.0, 'Databricks': 38.0, 'Chime': 25.0, 'Grammarly': 13.0, 'Faire': 12.4, 'Ripple': 10.0, 'Nuro': 8.6, 'Carta': 7.4, 'Scale AI': 7.3, 'Argo AI': 7.25, 'DataRobot': 6.3, 'OneTrust': 5.1, 'Anduril': 4.6, 'Dataiku': 4.6, 'Checkr': 4.6, 'Outreach': 4.4, 'Impossible Foods': 4.0, 'Radiology Partners': 4.0, 'Next Insurance': 4.0, 'StockX': 3.8, 'Guild Education': 3.75, 'Sila Nanotechnologies': 3.3, 'Scopely': 3.3, 'Kraken': 2.92, 'OpenAI': 2.92, 'Workrise': 2.9, 'Icertis': 2.8, 'Zipline': 2.8, 'Pendo': 2.6, 'Cybereason': 2.44, 'KeepTruckin': 2.3, 'Gympass': 2.2, 'Calm': 2.0, 'Kaseya': 2.0, 'Druva': 2.0, 'Collective Health': 1.5, 'Away': 1.4, 'Grove Collaborative': 1.32, 'Sonder': 1.3, 'You & Mr Jones': 1.3, 'ezCater': 1.25, 'Glossier': 1.2, 'Ivalua': 1.1, 'Instabase': 1.05, 'Globality': 1.0, 'VTS': 1.0, 'Ibotta': 1.0, 'C2FO': 1.0, 'Dave': 1.0, 'goPuff': 15.0, 'Figma': 10.0, 'Notion Labs': 10.0, 'Thrasio': 10.0, 'Klaviyo': 9.2, 'Tipalti': 8.3, 'Gong': 7.25, 'Rippling': 6.5, 'Better.com': 6.0, 'Attentive': 5.99, 'Cityblock Health': 5.7, 'Postman': 5.6, 'FiveTran': 5.6, 'Ro': 5.0, 'Lyra Health': 4.6, 'Arctic Wolf Networks': 4.3, 'Relativity Space': 4.2, 'Chainalysis': 4.2, 'Patreon': 4.0, 'Olive': 4.0, 'ClickUp': 4.0, 'Farmers Business Network': 4.0, 'VAST Data': 3.7, 'GOAT': 3.7, 'Whoop': 3.6, 'Applied Intuition': 3.6, 'Tekion': 3.5, 'Komodo Health': 3.3, 'Via': 3.3, 'HighRadius': 3.1, 'Forter': 3.0, 'Podium': 3.0, 'Trumid': 2.4, 'Skydance Media': 2.3, 'Greenlight': 2.3, 'Eightfold.ai': 2.1, 'AppsFlyer': 2.0, 'Redis Labs': 2.0, 'Unqork': 2.0, 'Virta Health': 2.0, 'ISN': 2.0, 'Apeel Sciences': 2.0, 'Verkada': 1.6, 'Strava': 1.5, 'Zenoti': 1.5, 'Justworks': 1.43, 'Kong': 1.4, 'Alzheon': 1.31, 'Everly Health': 1.3, 'BigID': 1.25, 'Qumulo': 1.2, 'Dialpad': 1.2, 'Venafi': 1.15, 'Sisense': 1.1, 'Course Hero': 1.1, 'Pharmapacks': 1.1, 'Proterra': 1.05, 'Alto Pharmacy': 1.0, 'o9 Solutions': 1.0, 'Quizlet': 1.0, 'Orca Bio': 1.0, 'Zwift': 1.0, 'Boom Supersonic': 1.0, 'Qualia': 1.0}","['Fintech', 'Cybersecurity', 'Fintech', 'E-commerce & Direct-To-Consumer', 'Cybersecurity', 'Hardware', 'Artificial Intelligence', 'Other', 'Health', 'Hardware', 'Internet Software & Services', 'E-commerce & Direct-To-Consumer', 'Other', 'Internet Software & Services', 'Edtech', 'Auto & Transportation', 'Internet Software & Services', 'Consumer & Retail', 'Consumer & Retail', 'Internet Software & Services', 'Mobile & Telecommunications', 'Data management & Analytics', 'Artificial Intelligence', 'Internet Software & Services', 'Internet Software & Services', 'Fintech', 'Health', 'Consumer & Retail', 'Other', 'Health', 'Other', 'Fintech', 'Health', 'Fintech', 'Health', 'Internet Software & Services', 'Internet Software & Services', 'Internet Software & Services', 'Health', 'Cybersecurity', 'Travel', 'Internet Software & Services', 'Artificial Intelligence', 'Hardware', 'Internet Software & Services', 'Artificial Intelligence', 'Internet Software & Services', 'Internet Software & Services', 'Artificial Intelligence', 'Hardware', 'Data management & Analytics', 'Fintech', 'Supply chain, Logistics, & Delivery', 'Fintech', 'Internet Software & Services', 'Supply chain, Logistics, & Delivery', 'Fintech', 'Consumer & Retail', 'Artificial Intelligence', 'Hardware', 'Consumer & Retail', 'E-commerce & Direct-To-Consumer', 'Consumer & Retail', 'Mobile & Telecommunications', 'Mobile & Telecommunications', 'Internet Software & Services', 'Auto & Transportation', 'Internet Software & Services', 'Consumer & Retail', 'Mobile & Telecommunications', 'Fintech', 'Supply chain, Logistics, & Delivery', 'Data management & Analytics', 'Fintech', 'Internet Software & Services', 'Artificial Intelligence', 'Fintech', 'Auto & Transportation', 'Fintech', 'Artificial Intelligence', 'Artificial Intelligence', 'Artificial Intelligence', 'Internet Software & Services', 'Artificial Intelligence', 'Internet Software & Services', 'Internet Software & Services', 'Internet Software & Services', 'Consumer & Retail', 'Health', 'Fintech', 'E-commerce & Direct-To-Consumer', 'Internet Software & Services', 'Other', 'Mobile & Telecommunications', 'Fintech', 'Artificial Intelligence', 'Internet Software & Services', 'Artificial Intelligence', 'Supply chain, Logistics, & Delivery', 'Internet Software & Services', 'Cybersecurity', 'Supply chain, Logistics, & Delivery', 'Internet Software & Services', 'Consumer & Retail', 'Cybersecurity', 'Data management & Analytics', 'Fintech', 'E-commerce & Direct-To-Consumer', 'E-commerce & Direct-To-Consumer', 'Travel', 'Other', 'Supply chain, Logistics, & Delivery', 'Consumer & Retail', 'Fintech', 'Data management & Analytics', 'Artificial Intelligence', 'Internet Software & Services', 'Fintech', 'Fintech', 'Fintech', 'E-commerce & Direct-To-Consumer', 'Internet Software & Services', 'Internet Software & Services', 'Other', 'Internet Software & Services', 'Fintech', 'Artificial Intelligence', 'Internet Software & Services', 'Fintech', 'Mobile & Telecommunications', 'Health', 'Internet Software & Services', 'Data management & Analytics', 'Health', 'Health', 'Cybersecurity', 'Other', 'Fintech', 'Internet Software & Services', 'Internet Software & Services', 'Internet Software & Services', 'Other', 'Data management & Analytics', 'E-commerce & Direct-To-Consumer', 'E-commerce & Direct-To-Consumer', 'Data management & Analytics', 'Internet Software & Services', 'Health', 'Auto & Transportation', 'Fintech', 'Cybersecurity', 'Internet Software & Services', 'Fintech', 'Other', 'Fintech', 'Internet Software & Services', 'Mobile & Telecommunications', 'Data management & Analytics', 'Fintech', 'Health', 'Supply chain, Logistics, & Delivery', 'Other', 'Cybersecurity', 'Internet Software & Services', 'Internet Software & Services', 'Internet Software & Services', 'Internet Software & Services', 'Health', 'E-commerce & Direct-To-Consumer', 'Cybersecurity', 'Data management & Analytics', 'Internet Software & Services', 'Cybersecurity', 'Data management & Analytics', 'Edtech', 'E-commerce & Direct-To-Consumer', 'Supply chain, Logistics, & Delivery', 'Health', 'Artificial Intelligence', 'Edtech', 'Health', 'E-commerce & Direct-To-Consumer', 'Other', 'Fintech']"
United States,2021,USA,279.0,550.04,"{'GoodLeap': 12.0, 'Digital Currency Group': 10.0, 'Lacework': 8.3, 'Fireblocks': 8.0, 'Caris Life Sciences': 7.83, 'Gemini': 7.1, 'Hinge Health': 6.2, 'Black Unicorn Factory': 6.1, 'Benchling': 6.1, 'Bolt': 6.0, 'Workato': 5.7, 'Deel': 5.5, 'SambaNova Systems': 5.0, 'Cerebral': 4.8, 'BetterUp': 4.7, 'Color': 4.6, 'Socure': 4.5, 'Zapier': 4.0, 'Clubhouse': 4.0, 'iCapital Network': 4.0, 'Vuori': 4.0, 'Ramp Financial': 3.9, 'Articulate': 3.75, 'FalconX': 3.75, 'Dutchie': 3.75, 'Noom': 3.7, 'Redwood Materials': 3.7, 'Papaya Global': 3.7, 'Relativity': 3.6, 'Commure': 3.5, 'Coalition': 3.5, 'Alchemy': 3.5, 'MoonPay': 3.4, 'OwnBackup': 3.35, 'Cedar': 3.2, 'ConsenSys': 3.2, 'PsiQuantum': 3.15, 'SpotOn': 3.15, 'Calendly': 3.0, 'BlockFi': 3.0, 'ActiveCampaign': 3.0, 'Lucid Software': 3.0, 'Carbon Health': 3.0, 'LaunchDarkly': 3.0, 'Grafana Labs': 3.0, 'Celsius Network': 3.0, 'Outschool': 3.0, 'TradingView': 3.0, 'DriveWealth': 2.85, 'Weee!': 2.8, 'MasterClass': 2.75, 'Nextiva': 2.7, 'Ethos Technologies': 2.7, 'Sourcegraph': 2.62, 'JumpCloud': 2.62, 'Plume': 2.6, 'Side': 2.5, 'Varo Bank': 2.5, 'Aura': 2.5, 'Vercel': 2.5, 'Paxos': 2.4, 'Exabeam': 2.4, 'BitSight Technologies': 2.4, 'ABL Space Systems': 2.4, 'Highspot': 2.3, 'Bowery Farming': 2.3, 'Algolia': 2.25, 'Pattern': 2.25, 'Current': 2.2, 'Reify Health': 2.2, 'Addepar': 2.17, 'Cockroach Labs': 2.16, 'Neo4j': 2.15, 'Webflow': 2.1, '6Sense': 2.1, 'ReCharge': 2.1, 'Moveworks': 2.1, 'Medable': 2.1, 'Hive': 2.0, 'Kajabi': 2.0, 'Pipe': 2.0, 'Iterable': 2.0, 'MURAL': 2.0, 'Divvy Homes': 2.0, 'Misfits Market': 2.0, 'Spring Health': 2.0, 'Modern Treasury': 2.0, 'ClickHouse': 2.0, 'Everlaw': 2.0, 'Netlify': 2.0, 'Deliverr': 2.0, 'SWORD Health': 2.0, 'LTK': 2.0, 'Chipper Cash': 2.0, 'MX Technologies': 1.9, 'Aledade': 1.9, 'CFGI': 1.85, 'Diamond Foundry': 1.8, 'FullStory': 1.8, 'Opentrons': 1.8, 'Harness': 1.7, 'DispatchHealth': 1.7, 'Unite Us': 1.7, 'CircleCI': 1.7, 'Dragos': 1.7, 'Reltio': 1.7, 'H2O.ai': 1.7, 'ZenBusiness': 1.7, 'Trader Interactive': 1.63, 'Clari': 1.6, 'Tonal': 1.6, 'Skims': 1.6, 'Extend': 1.6, 'ASAPP': 1.6, 'Mercury': 1.6, 'HomeLight': 1.6, 'Truepill': 1.6, 'Loom': 1.53, 'K Health': 1.5, 'Uplight': 1.5, 'ID.me': 1.5, 'Handshake': 1.5, 'Snapdocs': 1.5, 'dbt Labs': 1.5, 'Impact': 1.5, 'OpenSea': 1.5, 'SmartRecruiters': 1.5, 'TaxBit': 1.5, 'Pacaso': 1.5, '1047 Games': 1.5, 'Persona': 1.5, 'Whatnot': 1.5, 'Andela': 1.5, 'Built': 1.5, 'candy.com': 1.5, 'Devo': 1.5, 'CoinList': 1.5, 'Lusha': 1.5, 'MOLOCO': 1.5, 'Zeta': 1.45, 'M1 Finance': 1.45, 'SonderMind': 1.42, 'Papa': 1.4, 'Yotpo': 1.4, 'Coda': 1.4, 'Stash': 1.4, 'Phenom People': 1.4, 'GupShup': 1.4, 'Degreed': 1.4, 'Astranis Space Technologies': 1.4, 'ChargeBee Technologies': 1.4, 'VideoAmp': 1.4, 'Panther Labs': 1.4, 'At-Bay': 1.35, 'Alloy': 1.35, 'Signifyd': 1.34, 'Innovaccer': 1.3, 'DistroKid': 1.3, 'Betterment': 1.3, 'Flock Freight': 1.3, 'YugaByte': 1.3, 'Cava Group': 1.3, 'Rec Room': 1.25, 'Honor Technology': 1.25, 'Mythical Games': 1.25, 'Incode Technologies': 1.25, 'EQRx': 1.23, 'BlockDaemon': 1.23, 'Starburst': 1.2, 'Tealium': 1.2, 'Public': 1.2, 'Axonius': 1.2, 'Savage X Fenty': 1.2, 'Pilot.com': 1.2, 'Vectra Networks': 1.2, 'Inari': 1.2, 'Project44': 1.2, 'Alation': 1.2, 'Prime Medicine': 1.2, 'FloQast': 1.2, 'MindTickle': 1.2, 'DailyPay': 1.2, 'Offchain Labs': 1.2, 'Gem': 1.2, 'AgentSync': 1.2, 'Jokr': 1.2, 'GrubMarket': 1.2, 'Sysdig': 1.19, 'Modern Health': 1.17, 'IRL': 1.17, 'Guideline': 1.15, 'Rebellion Defense': 1.15, 'Elemy': 1.15, 'STORD': 1.13, 'SalesLoft': 1.1, 'Rightway': 1.1, 'Sunbit': 1.1, 'G2': 1.1, 'People.ai': 1.1, 'Karat': 1.1, 'Daily Harvest': 1.1, 'Fundbox': 1.1, 'HoneyBook': 1.1, 'Sendbird': 1.05, 'Density': 1.05, 'Mixpanel': 1.05, 'Dremio': 1.0, 'Quantum Metric': 1.0, 'News Break': 1.0, 'Splashtop': 1.0, 'Axiom Space': 1.0, 'Locus Robotics': 1.0, 'Standard Cognition': 1.0, 'Sentry': 1.0, 'Skydio': 1.0, 'Newsela': 1.0, 'Flutterwave': 1.0, 'Evidation': 1.0, 'Sidecar Health': 1.0, 'Lattice': 1.0, 'Feedzai': 1.0, 'Cameo': 1.0, 'Fetch Rewards': 1.0, 'The Zebra': 1.0, 'Clearcover': 1.0, 'Groq': 1.0, 'Injective Protocol': 1.0, 'Sift': 1.0, 'Capsule': 1.0, 'Mux': 1.0, 'Firefly Aerospace': 1.0, 'Forte Labs': 1.0, 'Axtria': 1.0, 'Amount': 1.0, 'Vise': 1.0, 'Printful': 1.0, 'Shippo': 1.0, 'Thirty Madison': 1.0, 'Claroty': 1.0, 'Aircall': 1.0, 'SmartAsset': 1.0, 'Morning Consult': 1.0, 'ShipBob': 1.0, 'MobileCoin': 1.0, 'Amperity': 1.0, 'Remote': 1.0, 'Pantheon Systems': 1.0, 'Carson Group': 1.0, 'Interos': 1.0, 'Human Interest': 1.0, 'Bluecore': 1.0, 'Snorkel AI': 1.0, 'Maven Clinic': 1.0, 'Shield AI': 1.0, 'PicsArt': 1.0, 'Mammoth Biosciences': 1.0, 'Orchard': 1.0, 'Assembly': 1.0, 'PandaDoc': 1.0, 'Masterworks': 1.0, 'Chronosphere': 1.0, 'Solo.io': 1.0, 'Fabric': 1.0, 'Augury': 1.0, 'Vagaro': 1.0, 'Drata': 1.0, 'OpenWeb': 1.0, 'Contrast Security': 1.0, 'Wrapbook': 1.0, 'Heyday': 1.0, 'PLACE': 1.0, 'Stytch': 1.0, 'Owkin': 1.0, 'Expel': 1.0, 'Lessen': 1.0, 'YipitData': 1.0, 'Anyscale': 1.0, 'Iodine Software': 1.0, 'ReliaQuest': 1.0}","['Internet Software & Services', 'Fintech', 'Cybersecurity', 'Fintech', 'Health', 'Fintech', 'Health', 'Other', 'Internet Software & Services', 'Fintech', 'Internet Software & Services', 'Fintech', 'Data management & Analytics', 'Health', 'Internet Software & Services', 'Health', 'Cybersecurity', 'Internet Software & Services', 'Mobile & Telecommunications', 'Fintech', 'E-commerce & Direct-To-Consumer', 'Fintech', 'Edtech', 'Fintech', 'E-commerce & Direct-To-Consumer', 'Health', 'Other', 'Internet Software & Services', 'Internet Software & Services', 'Internet Software & Services', 'Cybersecurity', 'Fintech', 'Fintech', 'Data management & Analytics', 'Fintech', 'Fintech', 'Hardware', 'Fintech', 'Internet Software & Services', 'Fintech', 'Internet Software & Services', 'Internet Software & Services', 'Health', 'Internet Software & Services', 'Internet Software & Services', 'Fintech', 'Edtech', 'Fintech', 'Fintech', 'Supply chain, Logistics, & Delivery', 'Edtech', 'Internet Software & Services', 'Fintech', 'Internet Software & Services', 'Data management & Analytics', 'Internet Software & Services', 'Internet Software & Services', 'Fintech', 'Cybersecurity', 'Internet Software & Services', 'Fintech', 'Cybersecurity', 'Cybersecurity', 'Other', 'Internet Software & Services', 'Other', 'Internet Software & Services', 'Internet Software & Services', 'Fintech', 'Health', 'Fintech', 'Data management & Analytics', 'Data management & Analytics', 'Internet Software & Services', 'Artificial Intelligence', 'Fintech', 'Artificial Intelligence', 'Internet Software & Services', 'Artificial Intelligence', 'Internet Software & Services', 'Fintech', 'Internet Software & Services', 'Internet Software & Services', 'Fintech', 'E-commerce & Direct-To-Consumer', 'Health', 'Fintech', 'Data management & Analytics', 'Internet Software & Services', 'Internet Software & Services', 'Supply chain, Logistics, & Delivery', 'Health', 'Internet Software & Services', 'Fintech', 'Fintech', 'Health', 'Fintech', 'Other', 'Internet Software & Services', 'Hardware', 'Artificial Intelligence', 'Health', 'Health', 'Internet Software & Services', 'Cybersecurity', 'Data management & Analytics', 'Artificial Intelligence', 'Fintech', 'Other', 'Internet Software & Services', 'E-commerce & Direct-To-Consumer', 'E-commerce & Direct-To-Consumer', 'Fintech', 'Artificial Intelligence', 'Fintech', 'Fintech', 'Health', 'Internet Software & Services', 'Health', 'Other', 'Cybersecurity', 'Internet Software & Services', 'Fintech', 'Data management & Analytics', 'Internet Software & Services', 'E-commerce & Direct-To-Consumer', 'Internet Software & Services', 'Fintech', 'Fintech', 'Internet Software & Services', 'Cybersecurity', 'E-commerce & Direct-To-Consumer', 'Internet Software & Services', 'Internet Software & Services', 'Fintech', 'Data management & Analytics', 'Fintech', 'Internet Software & Services', 'Artificial Intelligence', 'Fintech', 'Fintech', 'Health', 'Health', 'Internet Software & Services', 'Internet Software & Services', 'Fintech', 'Internet Software & Services', 'Internet Software & Services', 'Edtech', 'Mobile & Telecommunications', 'Fintech', 'Internet Software & Services', 'Cybersecurity', 'Fintech', 'Fintech', 'Fintech', 'Health', 'Internet Software & Services', 'Fintech', 'Supply chain, Logistics, & Delivery', 'Data management & Analytics', 'Other', 'Internet Software & Services', 'Internet Software & Services', 'Internet Software & Services', 'Cybersecurity', 'Health', 'Fintech', 'Data management & Analytics', 'Internet Software & Services', 'Fintech', 'Cybersecurity', 'E-commerce & Direct-To-Consumer', 'Fintech', 'Artificial Intelligence', 'Other', 'Supply chain, Logistics, & Delivery', 'Internet Software & Services', 'Health', 'Fintech', 'Internet Software & Services', 'Fintech', 'Internet Software & Services', 'Internet Software & Services', 'Fintech', 'E-commerce & Direct-To-Consumer', 'E-commerce & Direct-To-Consumer', 'Cybersecurity', 'Health', 'Internet Software & Services', 'Fintech', 'Artificial Intelligence', 'Health', 'Supply chain, Logistics, & Delivery', 'Internet Software & Services', 'Health', 'Fintech', 'Internet Software & Services', 'Internet Software & Services', 'Internet Software & Services', 'E-commerce & Direct-To-Consumer', 'Fintech', 'Internet Software & Services', 'Mobile & Telecommunications', 'Hardware', 'Internet Software & Services', 'Data management & Analytics', 'Data management & Analytics', 'Internet Software & Services', 'Internet Software & Services', 'Other', 'Hardware', 'Artificial Intelligence', 'Other', 'Supply chain, Logistics, & Delivery', 'Internet Software & Services', 'Fintech', 'Health', 'Fintech', 'Internet Software & Services', 'Artificial Intelligence', 'Internet Software & Services', 'E-commerce & Direct-To-Consumer', 'E-commerce & Direct-To-Consumer', 'Fintech', 'Artificial Intelligence', 'Fintech', 'Artificial Intelligence', 'Health', 'Internet Software & Services', 'Other', 'Fintech', 'Data management & Analytics', 'Fintech', 'Fintech', 'Other', 'Supply chain, Logistics, & Delivery', 'Health', 'Cybersecurity', 'Internet Software & Services', 'Fintech', 'Internet Software & Services', 'Supply chain, Logistics, & Delivery', 'Fintech', 'Artificial Intelligence', 'Fintech', 'Internet Software & Services', 'Fintech', 'Fintech', 'Fintech', 'Artificial Intelligence', 'Artificial Intelligence', 'Health', 'Artificial Intelligence', 'Mobile & Telecommunications', 'Health', 'Fintech', 'Internet Software & Services', 'Internet Software & Services', 'Fintech', 'Data management & Analytics', 'Internet Software & Services', 'Supply chain, Logistics, & Delivery', 'Artificial Intelligence', 'Internet Software & Services', 'Cybersecurity', 'Internet Software & Services', 'Cybersecurity', 'Fintech', 'E-commerce & Direct-To-Consumer', 'Internet Software & Services', 'Cybersecurity', 'Artificial Intelligence', 'Cybersecurity', 'Internet Software & Services', 'Internet Software & Services', 'Artificial Intelligence', 'Data management & Analytics', 'Cybersecurity']",463.0,1327.83,"{'Gusto': 10.0, 'Tanium': 9.0, 'Zenefits': 4.5, 'Thumbtack': 3.2, 'Illumio': 2.75, 'Carbon': 2.4, 'Uptake': 2.3, 'Planet Labs': 2.2, 'ZocDoc': 1.8, 'Infinidat': 1.6, 'Flipboard': 1.32, 'AppDirect': 1.1, 'Red Ventures': 1.0, 'Vox Media': 1.0, 'Age of Learning': 3.0, 'Quanergy Systems': 2.0, 'SMS Assist': 1.0, 'Kendra Scott': 1.0, 'JUUL Labs': 12.0, 'reddit': 10.0, 'Niantic': 9.0, 'Rubrik': 4.0, 'Indigo Ag': 3.5, 'Quora': 2.0, 'InVision': 1.9, 'Symphony': 1.4, 'HeartFlow': 1.3, 'Eat Just': 1.1, 'Rubicon Global': 1.07, 'Modernizing Medicine': 1.0, 'Epic Games': 28.7, 'Plaid Technologies': 13.4, 'Devoted Health': 12.6, 'Brex': 12.3, 'Biosplice Therapeutics': 12.0, 'Talkdesk': 10.0, 'OutSystems': 9.5, 'ServiceTitan': 9.5, 'Tempus': 8.1, 'Netskope': 7.5, 'TripActions': 7.25, 'Discord': 7.0, 'Automation Anywhere': 6.8, 'Samsara Networks': 6.3, 'Airtable': 5.77, 'Pony.ai': 5.3, 'HashiCorp': 5.1, 'ThoughtSpot': 4.2, 'Dataminr': 4.1, 'Cerebras Systems': 4.0, 'Cohesity': 3.7, 'Upgrade': 3.33, 'Flexport': 3.2, 'Circle': 3.0, 'Seismic': 3.0, 'Convoy': 2.75, 'Tradeshift': 2.7, 'Zume': 2.25, 'SoundHound': 2.1, 'Formlabs': 2.0, ""Harry's Razor Company"": 1.7, 'Allbirds': 1.7, 'PAX': 1.7, 'Cambridge Mobile Telematics': 1.5, 'Starry': 1.29, 'Intercom': 1.28, 'Fair': 1.2, 'MediaMath': 1.0, 'Pat McGrath Labs': 1.0, 'Branch': 1.0, 'Tresata': 1.0, 'REEF Technology': 1.0, 'Databricks': 38.0, 'Chime': 25.0, 'Grammarly': 13.0, 'Faire': 12.4, 'Ripple': 10.0, 'Nuro': 8.6, 'Carta': 7.4, 'Scale AI': 7.3, 'Argo AI': 7.25, 'DataRobot': 6.3, 'OneTrust': 5.1, 'Anduril': 4.6, 'Dataiku': 4.6, 'Checkr': 4.6, 'Outreach': 4.4, 'Impossible Foods': 4.0, 'Radiology Partners': 4.0, 'Next Insurance': 4.0, 'StockX': 3.8, 'Guild Education': 3.75, 'Sila Nanotechnologies': 3.3, 'Scopely': 3.3, 'Kraken': 2.92, 'OpenAI': 2.92, 'Workrise': 2.9, 'Icertis': 2.8, 'Zipline': 2.8, 'Pendo': 2.6, 'Cybereason': 2.44, 'KeepTruckin': 2.3, 'Gympass': 2.2, 'Calm': 2.0, 'Kaseya': 2.0, 'Druva': 2.0, 'Collective Health': 1.5, 'Away': 1.4, 'Grove Collaborative': 1.32, 'Sonder': 1.3, 'You & Mr Jones': 1.3, 'ezCater': 1.25, 'Glossier': 1.2, 'Ivalua': 1.1, 'Instabase': 1.05, 'Globality': 1.0, 'VTS': 1.0, 'Ibotta': 1.0, 'C2FO': 1.0, 'Dave': 1.0, 'goPuff': 15.0, 'Figma': 10.0, 'Notion Labs': 10.0, 'Thrasio': 10.0, 'Klaviyo': 9.2, 'Tipalti': 8.3, 'Gong': 7.25, 'Rippling': 6.5, 'Better.com': 6.0, 'Attentive': 5.99, 'Cityblock Health': 5.7, 'Postman': 5.6, 'FiveTran': 5.6, 'Ro': 5.0, 'Lyra Health': 4.6, 'Arctic Wolf Networks': 4.3, 'Relativity Space': 4.2, 'Chainalysis': 4.2, 'Patreon': 4.0, 'Olive': 4.0, 'ClickUp': 4.0, 'Farmers Business Network': 4.0, 'VAST Data': 3.7, 'GOAT': 3.7, 'Whoop': 3.6, 'Applied Intuition': 3.6, 'Tekion': 3.5, 'Komodo Health': 3.3, 'Via': 3.3, 'HighRadius': 3.1, 'Forter': 3.0, 'Podium': 3.0, 'Trumid': 2.4, 'Skydance Media': 2.3, 'Greenlight': 2.3, 'Eightfold.ai': 2.1, 'AppsFlyer': 2.0, 'Redis Labs': 2.0, 'Unqork': 2.0, 'Virta Health': 2.0, 'ISN': 2.0, 'Apeel Sciences': 2.0, 'Verkada': 1.6, 'Strava': 1.5, 'Zenoti': 1.5, 'Justworks': 1.43, 'Kong': 1.4, 'Alzheon': 1.31, 'Everly Health': 1.3, 'BigID': 1.25, 'Qumulo': 1.2, 'Dialpad': 1.2, 'Venafi': 1.15, 'Sisense': 1.1, 'Course Hero': 1.1, 'Pharmapacks': 1.1, 'Proterra': 1.05, 'Alto Pharmacy': 1.0, 'o9 Solutions': 1.0, 'Quizlet': 1.0, 'Orca Bio': 1.0, 'Zwift': 1.0, 'Boom Supersonic': 1.0, 'Qualia': 1.0, 'GoodLeap': 12.0, 'Digital Currency Group': 10.0, 'Lacework': 8.3, 'Fireblocks': 8.0, 'Caris Life Sciences': 7.83, 'Gemini': 7.1, 'Hinge Health': 6.2, 'Black Unicorn Factory': 6.1, 'Benchling': 6.1, 'Bolt': 6.0, 'Workato': 5.7, 'Deel': 5.5, 'SambaNova Systems': 5.0, 'Cerebral': 4.8, 'BetterUp': 4.7, 'Color': 4.6, 'Socure': 4.5, 'Zapier': 4.0, 'Clubhouse': 4.0, 'iCapital Network': 4.0, 'Vuori': 4.0, 'Ramp Financial': 3.9, 'Articulate': 3.75, 'FalconX': 3.75, 'Dutchie': 3.75, 'Noom': 3.7, 'Redwood Materials': 3.7, 'Papaya Global': 3.7, 'Relativity': 3.6, 'Commure': 3.5, 'Coalition': 3.5, 'Alchemy': 3.5, 'MoonPay': 3.4, 'OwnBackup': 3.35, 'Cedar': 3.2, 'ConsenSys': 3.2, 'PsiQuantum': 3.15, 'SpotOn': 3.15, 'Calendly': 3.0, 'BlockFi': 3.0, 'ActiveCampaign': 3.0, 'Lucid Software': 3.0, 'Carbon Health': 3.0, 'LaunchDarkly': 3.0, 'Grafana Labs': 3.0, 'Celsius Network': 3.0, 'Outschool': 3.0, 'TradingView': 3.0, 'DriveWealth': 2.85, 'Weee!': 2.8, 'MasterClass': 2.75, 'Nextiva': 2.7, 'Ethos Technologies': 2.7, 'Sourcegraph': 2.62, 'JumpCloud': 2.62, 'Plume': 2.6, 'Side': 2.5, 'Varo Bank': 2.5, 'Aura': 2.5, 'Vercel': 2.5, 'Paxos': 2.4, 'Exabeam': 2.4, 'BitSight Technologies': 2.4, 'ABL Space Systems': 2.4, 'Highspot': 2.3, 'Bowery Farming': 2.3, 'Algolia': 2.25, 'Pattern': 2.25, 'Current': 2.2, 'Reify Health': 2.2, 'Addepar': 2.17, 'Cockroach Labs': 2.16, 'Neo4j': 2.15, 'Webflow': 2.1, '6Sense': 2.1, 'ReCharge': 2.1, 'Moveworks': 2.1, 'Medable': 2.1, 'Hive': 2.0, 'Kajabi': 2.0, 'Pipe': 2.0, 'Iterable': 2.0, 'MURAL': 2.0, 'Divvy Homes': 2.0, 'Misfits Market': 2.0, 'Spring Health': 2.0, 'Modern Treasury': 2.0, 'ClickHouse': 2.0, 'Everlaw': 2.0, 'Netlify': 2.0, 'Deliverr': 2.0, 'SWORD Health': 2.0, 'LTK': 2.0, 'Chipper Cash': 2.0, 'MX Technologies': 1.9, 'Aledade': 1.9, 'CFGI': 1.85, 'Diamond Foundry': 1.8, 'FullStory': 1.8, 'Opentrons': 1.8, 'Harness': 1.7, 'DispatchHealth': 1.7, 'Unite Us': 1.7, 'CircleCI': 1.7, 'Dragos': 1.7, 'Reltio': 1.7, 'H2O.ai': 1.7, 'ZenBusiness': 1.7, 'Trader Interactive': 1.63, 'Clari': 1.6, 'Tonal': 1.6, 'Skims': 1.6, 'Extend': 1.6, 'ASAPP': 1.6, 'Mercury': 1.6, 'HomeLight': 1.6, 'Truepill': 1.6, 'Loom': 1.53, 'K Health': 1.5, 'Uplight': 1.5, 'ID.me': 1.5, 'Handshake': 1.5, 'Snapdocs': 1.5, 'dbt Labs': 1.5, 'Impact': 1.5, 'OpenSea': 1.5, 'SmartRecruiters': 1.5, 'TaxBit': 1.5, 'Pacaso': 1.5, '1047 Games': 1.5, 'Persona': 1.5, 'Whatnot': 1.5, 'Andela': 1.5, 'Built': 1.5, 'candy.com': 1.5, 'Devo': 1.5, 'CoinList': 1.5, 'Lusha': 1.5, 'MOLOCO': 1.5, 'Zeta': 1.45, 'M1 Finance': 1.45, 'SonderMind': 1.42, 'Papa': 1.4, 'Yotpo': 1.4, 'Coda': 1.4, 'Stash': 1.4, 'Phenom People': 1.4, 'GupShup': 1.4, 'Degreed': 1.4, 'Astranis Space Technologies': 1.4, 'ChargeBee Technologies': 1.4, 'VideoAmp': 1.4, 'Panther Labs': 1.4, 'At-Bay': 1.35, 'Alloy': 1.35, 'Signifyd': 1.34, 'Innovaccer': 1.3, 'DistroKid': 1.3, 'Betterment': 1.3, 'Flock Freight': 1.3, 'YugaByte': 1.3, 'Cava Group': 1.3, 'Rec Room': 1.25, 'Honor Technology': 1.25, 'Mythical Games': 1.25, 'Incode Technologies': 1.25, 'EQRx': 1.23, 'BlockDaemon': 1.23, 'Starburst': 1.2, 'Tealium': 1.2, 'Public': 1.2, 'Axonius': 1.2, 'Savage X Fenty': 1.2, 'Pilot.com': 1.2, 'Vectra Networks': 1.2, 'Inari': 1.2, 'Project44': 1.2, 'Alation': 1.2, 'Prime Medicine': 1.2, 'FloQast': 1.2, 'MindTickle': 1.2, 'DailyPay': 1.2, 'Offchain Labs': 1.2, 'Gem': 1.2, 'AgentSync': 1.2, 'Jokr': 1.2, 'GrubMarket': 1.2, 'Sysdig': 1.19, 'Modern Health': 1.17, 'IRL': 1.17, 'Guideline': 1.15, 'Rebellion Defense': 1.15, 'Elemy': 1.15, 'STORD': 1.13, 'SalesLoft': 1.1, 'Rightway': 1.1, 'Sunbit': 1.1, 'G2': 1.1, 'People.ai': 1.1, 'Karat': 1.1, 'Daily Harvest': 1.1, 'Fundbox': 1.1, 'HoneyBook': 1.1, 'Sendbird': 1.05, 'Density': 1.05, 'Mixpanel': 1.05, 'Dremio': 1.0, 'Quantum Metric': 1.0, 'News Break': 1.0, 'Splashtop': 1.0, 'Axiom Space': 1.0, 'Locus Robotics': 1.0, 'Standard Cognition': 1.0, 'Sentry': 1.0, 'Skydio': 1.0, 'Newsela': 1.0, 'Flutterwave': 1.0, 'Evidation': 1.0, 'Sidecar Health': 1.0, 'Lattice': 1.0, 'Feedzai': 1.0, 'Cameo': 1.0, 'Fetch Rewards': 1.0, 'The Zebra': 1.0, 'Clearcover': 1.0, 'Groq': 1.0, 'Injective Protocol': 1.0, 'Sift': 1.0, 'Capsule': 1.0, 'Mux': 1.0, 'Firefly Aerospace': 1.0, 'Forte Labs': 1.0, 'Axtria': 1.0, 'Amount': 1.0, 'Vise': 1.0, 'Printful': 1.0, 'Shippo': 1.0, 'Thirty Madison': 1.0, 'Claroty': 1.0, 'Aircall': 1.0, 'SmartAsset': 1.0, 'Morning Consult': 1.0, 'ShipBob': 1.0, 'MobileCoin': 1.0, 'Amperity': 1.0, 'Remote': 1.0, 'Pantheon Systems': 1.0, 'Carson Group': 1.0, 'Interos': 1.0, 'Human Interest': 1.0, 'Bluecore': 1.0, 'Snorkel AI': 1.0, 'Maven Clinic': 1.0, 'Shield AI': 1.0, 'PicsArt': 1.0, 'Mammoth Biosciences': 1.0, 'Orchard': 1.0, 'Assembly': 1.0, 'PandaDoc': 1.0, 'Masterworks': 1.0, 'Chronosphere': 1.0, 'Solo.io': 1.0, 'Fabric': 1.0, 'Augury': 1.0, 'Vagaro': 1.0, 'Drata': 1.0, 'OpenWeb': 1.0, 'Contrast Security': 1.0, 'Wrapbook': 1.0, 'Heyday': 1.0, 'PLACE': 1.0, 'Stytch': 1.0, 'Owkin': 1.0, 'Expel': 1.0, 'Lessen': 1.0, 'YipitData': 1.0, 'Anyscale': 1.0, 'Iodine Software': 1.0, 'ReliaQuest': 1.0}","['Fintech', 'Cybersecurity', 'Fintech', 'E-commerce & Direct-To-Consumer', 'Cybersecurity', 'Hardware', 'Artificial Intelligence', 'Other', 'Health', 'Hardware', 'Internet Software & Services', 'E-commerce & Direct-To-Consumer', 'Other', 'Internet Software & Services', 'Edtech', 'Auto & Transportation', 'Internet Software & Services', 'Consumer & Retail', 'Consumer & Retail', 'Internet Software & Services', 'Mobile & Telecommunications', 'Data management & Analytics', 'Artificial Intelligence', 'Internet Software & Services', 'Internet Software & Services', 'Fintech', 'Health', 'Consumer & Retail', 'Other', 'Health', 'Other', 'Fintech', 'Health', 'Fintech', 'Health', 'Internet Software & Services', 'Internet Software & Services', 'Internet Software & Services', 'Health', 'Cybersecurity', 'Travel', 'Internet Software & Services', 'Artificial Intelligence', 'Hardware', 'Internet Software & Services', 'Artificial Intelligence', 'Internet Software & Services', 'Internet Software & Services', 'Artificial Intelligence', 'Hardware', 'Data management & Analytics', 'Fintech', 'Supply chain, Logistics, & Delivery', 'Fintech', 'Internet Software & Services', 'Supply chain, Logistics, & Delivery', 'Fintech', 'Consumer & Retail', 'Artificial Intelligence', 'Hardware', 'Consumer & Retail', 'E-commerce & Direct-To-Consumer', 'Consumer & Retail', 'Mobile & Telecommunications', 'Mobile & Telecommunications', 'Internet Software & Services', 'Auto & Transportation', 'Internet Software & Services', 'Consumer & Retail', 'Mobile & Telecommunications', 'Fintech', 'Supply chain, Logistics, & Delivery', 'Data management & Analytics', 'Fintech', 'Internet Software & Services', 'Artificial Intelligence', 'Fintech', 'Auto & Transportation', 'Fintech', 'Artificial Intelligence', 'Artificial Intelligence', 'Artificial Intelligence', 'Internet Software & Services', 'Artificial Intelligence', 'Internet Software & Services', 'Internet Software & Services', 'Internet Software & Services', 'Consumer & Retail', 'Health', 'Fintech', 'E-commerce & Direct-To-Consumer', 'Internet Software & Services', 'Other', 'Mobile & Telecommunications', 'Fintech', 'Artificial Intelligence', 'Internet Software & Services', 'Artificial Intelligence', 'Supply chain, Logistics, & Delivery', 'Internet Software & Services', 'Cybersecurity', 'Supply chain, Logistics, & Delivery', 'Internet Software & Services', 'Consumer & Retail', 'Cybersecurity', 'Data management & Analytics', 'Fintech', 'E-commerce & Direct-To-Consumer', 'E-commerce & Direct-To-Consumer', 'Travel', 'Other', 'Supply chain, Logistics, & Delivery', 'Consumer & Retail', 'Fintech', 'Data management & Analytics', 'Artificial Intelligence', 'Internet Software & Services', 'Fintech', 'Fintech', 'Fintech', 'E-commerce & Direct-To-Consumer', 'Internet Software & Services', 'Internet Software & Services', 'Other', 'Internet Software & Services', 'Fintech', 'Artificial Intelligence', 'Internet Software & Services', 'Fintech', 'Mobile & Telecommunications', 'Health', 'Internet Software & Services', 'Data management & Analytics', 'Health', 'Health', 'Cybersecurity', 'Other', 'Fintech', 'Internet Software & Services', 'Internet Software & Services', 'Internet Software & Services', 'Other', 'Data management & Analytics', 'E-commerce & Direct-To-Consumer', 'E-commerce & Direct-To-Consumer', 'Data management & Analytics', 'Internet Software & Services', 'Health', 'Auto & Transportation', 'Fintech', 'Cybersecurity', 'Internet Software & Services', 'Fintech', 'Other', 'Fintech', 'Internet Software & Services', 'Mobile & Telecommunications', 'Data management & Analytics', 'Fintech', 'Health', 'Supply chain, Logistics, & Delivery', 'Other', 'Cybersecurity', 'Internet Software & Services', 'Internet Software & Services', 'Internet Software & Services', 'Internet Software & Services', 'Health', 'E-commerce & Direct-To-Consumer', 'Cybersecurity', 'Data management & Analytics', 'Internet Software & Services', 'Cybersecurity', 'Data management & Analytics', 'Edtech', 'E-commerce & Direct-To-Consumer', 'Supply chain, Logistics, & Delivery', 'Health', 'Artificial Intelligence', 'Edtech', 'Health', 'E-commerce & Direct-To-Consumer', 'Other', 'Fintech', 'Internet Software & Services', 'Fintech', 'Cybersecurity', 'Fintech', 'Health', 'Fintech', 'Health', 'Other', 'Internet Software & Services', 'Fintech', 'Internet Software & Services', 'Fintech', 'Data management & Analytics', 'Health', 'Internet Software & Services', 'Health', 'Cybersecurity', 'Internet Software & Services', 'Mobile & Telecommunications', 'Fintech', 'E-commerce & Direct-To-Consumer', 'Fintech', 'Edtech', 'Fintech', 'E-commerce & Direct-To-Consumer', 'Health', 'Other', 'Internet Software & Services', 'Internet Software & Services', 'Internet Software & Services', 'Cybersecurity', 'Fintech', 'Fintech', 'Data management & Analytics', 'Fintech', 'Fintech', 'Hardware', 'Fintech', 'Internet Software & Services', 'Fintech', 'Internet Software & Services', 'Internet Software & Services', 'Health', 'Internet Software & Services', 'Internet Software & Services', 'Fintech', 'Edtech', 'Fintech', 'Fintech', 'Supply chain, Logistics, & Delivery', 'Edtech', 'Internet Software & Services', 'Fintech', 'Internet Software & Services', 'Data management & Analytics', 'Internet Software & Services', 'Internet Software & Services', 'Fintech', 'Cybersecurity', 'Internet Software & Services', 'Fintech', 'Cybersecurity', 'Cybersecurity', 'Other', 'Internet Software & Services', 'Other', 'Internet Software & Services', 'Internet Software & Services', 'Fintech', 'Health', 'Fintech', 'Data management & Analytics', 'Data management & Analytics', 'Internet Software & Services', 'Artificial Intelligence', 'Fintech', 'Artificial Intelligence', 'Internet Software & Services', 'Artificial Intelligence', 'Internet Software & Services', 'Fintech', 'Internet Software & Services', 'Internet Software & Services', 'Fintech', 'E-commerce & Direct-To-Consumer', 'Health', 'Fintech', 'Data management & Analytics', 'Internet Software & Services', 'Internet Software & Services', 'Supply chain, Logistics, & Delivery', 'Health', 'Internet Software & Services', 'Fintech', 'Fintech', 'Health', 'Fintech', 'Other', 'Internet Software & Services', 'Hardware', 'Artificial Intelligence', 'Health', 'Health', 'Internet Software & Services', 'Cybersecurity', 'Data management & Analytics', 'Artificial Intelligence', 'Fintech', 'Other', 'Internet Software & Services', 'E-commerce & Direct-To-Consumer', 'E-commerce & Direct-To-Consumer', 'Fintech', 'Artificial Intelligence', 'Fintech', 'Fintech', 'Health', 'Internet Software & Services', 'Health', 'Other', 'Cybersecurity', 'Internet Software & Services', 'Fintech', 'Data management & Analytics', 'Internet Software & Services', 'E-commerce & Direct-To-Consumer', 'Internet Software & Services', 'Fintech', 'Fintech', 'Internet Software & Services', 'Cybersecurity', 'E-commerce & Direct-To-Consumer', 'Internet Software & Services', 'Internet Software & Services', 'Fintech', 'Data management & Analytics', 'Fintech', 'Internet Software & Services', 'Artificial Intelligence', 'Fintech', 'Fintech', 'Health', 'Health', 'Internet Software & Services', 'Internet Software & Services', 'Fintech', 'Internet Software & Services', 'Internet Software & Services', 'Edtech', 'Mobile & Telecommunications', 'Fintech', 'Internet Software & Services', 'Cybersecurity', 'Fintech', 'Fintech', 'Fintech', 'Health', 'Internet Software & Services', 'Fintech', 'Supply chain, Logistics, & Delivery', 'Data management & Analytics', 'Other', 'Internet Software & Services', 'Internet Software & Services', 'Internet Software & Services', 'Cybersecurity', 'Health', 'Fintech', 'Data management & Analytics', 'Internet Software & Services', 'Fintech', 'Cybersecurity', 'E-commerce & Direct-To-Consumer', 'Fintech', 'Artificial Intelligence', 'Other', 'Supply chain, Logistics, & Delivery', 'Internet Software & Services', 'Health', 'Fintech', 'Internet Software & Services', 'Fintech', 'Internet Software & Services', 'Internet Software & Services', 'Fintech', 'E-commerce & Direct-To-Consumer', 'E-commerce & Direct-To-Consumer', 'Cybersecurity', 'Health', 'Internet Software & Services', 'Fintech', 'Artificial Intelligence', 'Health', 'Supply chain, Logistics, & Delivery', 'Internet Software & Services', 'Health', 'Fintech', 'Internet Software & Services', 'Internet Software & Services', 'Internet Software & Services', 'E-commerce & Direct-To-Consumer', 'Fintech', 'Internet Software & Services', 'Mobile & Telecommunications', 'Hardware', 'Internet Software & Services', 'Data management & Analytics', 'Data management & Analytics', 'Internet Software & Services', 'Internet Software & Services', 'Other', 'Hardware', 'Artificial Intelligence', 'Other', 'Supply chain, Logistics, & Delivery', 'Internet Software & Services', 'Fintech', 'Health', 'Fintech', 'Internet Software & Services', 'Artificial Intelligence', 'Internet Software & Services', 'E-commerce & Direct-To-Consumer', 'E-commerce & Direct-To-Consumer', 'Fintech', 'Artificial Intelligence', 'Fintech', 'Artificial Intelligence', 'Health', 'Internet Software & Services', 'Other', 'Fintech', 'Data management & Analytics', 'Fintech', 'Fintech', 'Other', 'Supply chain, Logistics, & Delivery', 'Health', 'Cybersecurity', 'Internet Software & Services', 'Fintech', 'Internet Software & Services', 'Supply chain, Logistics, & Delivery', 'Fintech', 'Artificial Intelligence', 'Fintech', 'Internet Software & Services', 'Fintech', 'Fintech', 'Fintech', 'Artificial Intelligence', 'Artificial Intelligence', 'Health', 'Artificial Intelligence', 'Mobile & Telecommunications', 'Health', 'Fintech', 'Internet Software & Services', 'Internet Software & Services', 'Fintech', 'Data management & Analytics', 'Internet Software & Services', 'Supply chain, Logistics, & Delivery', 'Artificial Intelligence', 'Internet Software & Services', 'Cybersecurity', 'Internet Software & Services', 'Cybersecurity', 'Fintech', 'E-commerce & Direct-To-Consumer', 'Internet Software & Services', 'Cybersecurity', 'Artificial Intelligence', 'Cybersecurity', 'Internet Software & Services', 'Internet Software & Services', 'Artificial Intelligence', 'Data management & Analytics', 'Cybersecurity']"
